Date of Race,Time,Track,Horse,Distance,Place,Industry SP,Betfair SP,Predicted_Win_Probability,Race_ID,Predicted_Rank,Top_3_Flag,Odds_To_Use,Expected_Value,Field_Size,Kelly_Fraction,Reject_Reason,Winrate_Threshold,Bet_Placed,Stake,Actual_Result,Bet_Return,Bankroll_After_Race,Max_Bankroll,Drawdown,R_Multiple
2023-05-07,13:30:00,HAMILTON,Burj Malinka,5f,3.0,2.75,2.86,0.4344002186576972,2023-05-07_13:30:00,1.0,True,2.75,0.1946006013086672,6,0.11120034360495268,,0,True,111.20034360495268,0,-111.20034360495268,9888.799656395047,9888.799656395047,0.0,-1.0
2023-05-07,13:30:00,HAMILTON,Gustav Graves,5f,2.0,4.0,4.89,0.2629005270384163,2023-05-07_13:30:00,2.0,True,4.0,0.05160210815366528,6,0.017200702717888428,ev_low|,0,False,100.0,0,0.0,9888.799656395047,9888.799656395047,0.0,0.0
2023-05-07,14:35:00,HAMILTON,Tajalla,5f,1.0,2.0,2.16,0.42385332845184576,2023-05-07_14:35:00,1.0,True,2.0,-0.1522933430963085,6,-0.1522933430963085,kelly_low|ev_low|,0,False,100.0,1,0.0,9788.799656395047,9888.799656395047,100.0,0.0
2023-05-07,14:35:00,HAMILTON,Northcliff,5f,3.0,3.2,3.44,0.37012379060365147,2023-05-07_14:35:00,2.0,True,3.2,0.18439612993168475,6,0.08381642269622033,,0,True,100.0,0,-100.0,9788.799656395047,9888.799656395047,100.0,-1.0
2023-05-07,15:10:00,HAMILTON,Clansman,1m3f,3.0,2.75,2.98,0.4645378183900919,2023-05-07_15:10:00,1.0,True,2.75,0.27747900057275277,6,0.15855942889871585,,0,True,155.21064831219448,0,-155.21064831219448,9533.589008082852,9888.799656395047,355.2106483121952,-1.0
2023-05-07,15:10:00,HAMILTON,Baez,1m3f,5.0,5.0,5.27,0.2601973770801797,2023-05-07_15:10:00,2.0,True,5.0,0.3009868854008986,6,0.07524672135022464,,0,True,100.0,0,-100.0,9533.589008082852,9888.799656395047,355.2106483121952,-1.0
2023-05-07,15:50:00,HAMILTON,Leap Year Lad,1m½f,1.0,3.25,3.57,0.2920333167330004,2023-05-07_15:50:00,1.0,True,3.25,-0.050891720617748604,6,-0.022618542496777156,kelly_low|ev_low|,0,False,100.0,1,0.0,9533.589008082852,9888.799656395047,355.2106483121952,0.0
2023-05-07,15:50:00,HAMILTON,Arkenstaar,1m½f,2.0,3.75,3.56,0.27903951475028255,2023-05-07_15:50:00,2.0,True,3.75,0.04639818031355958,6,0.01687206556856712,ev_low|,0,False,100.0,0,0.0,9533.589008082852,9888.799656395047,355.2106483121952,0.0
2023-05-07,16:23:00,HAMILTON,Westernesse,1m½f,3.0,2.2,2.34,0.501406211714979,2023-05-07_16:23:00,1.0,True,2.2,0.10309366577295387,5,0.08591138814412821,,0,True,100.0,0,-100.0,9319.858059868988,9888.799656395047,568.9415965260596,-1.0
2023-05-07,16:23:00,HAMILTON,Havana Party,1m½f,4.0,7.5,8.95,0.23672233164423237,2023-05-07_16:23:00,2.0,True,7.5,0.7754174873317428,5,0.11929499805103735,,0,True,113.73094821386351,0,-113.73094821386351,9319.858059868988,9888.799656395047,568.9415965260596,-1.0
2023-05-14,15:45:00,HAMILTON,Moonstone Boy,5f,2.0,2.25,2.25,0.3114250717848561,2023-05-14_15:45:00,1.0,True,2.25,-0.2992935884840737,5,-0.23943487078725897,kelly_low|ev_low|,0,False,100.0,0,0.0,9319.858059868988,9888.799656395047,568.9415965260596,0.0
2023-05-14,15:45:00,HAMILTON,Golden Arrow,5f,1.0,2.63,3.01,0.2871180168836423,2023-05-14_15:45:00,2.0,True,2.63,-0.24487961559602084,5,-0.15023289300369377,kelly_low|ev_low|,0,False,100.0,1,0.0,9319.858059868988,9888.799656395047,568.9415965260596,0.0
2023-05-19,19:25:00,HAMILTON,Beattie Is Back,6f,5.0,4.0,4.36,0.2561334363598012,2023-05-19_19:25:00,2.0,True,4.0,0.024533745439204724,6,0.008177915146401574,kelly_low|ev_low|,0,False,100.0,0,0.0,9219.858059868988,9888.799656395047,668.9415965260596,0.0
2023-05-19,19:25:00,HAMILTON,Iris Dancer,6f,2.0,5.0,5.74,0.265637033151022,2023-05-19_19:25:00,1.0,True,5.0,0.32818516575511003,6,0.08204629143877751,,0,True,100.0,0,-100.0,9219.858059868988,9888.799656395047,668.9415965260596,-1.0
2023-05-31,15:20:00,HAMILTON,Lord Abama,6f,2.0,3.25,3.78,0.2896953029570687,2023-05-31_15:20:00,2.0,True,3.25,-0.05849026538952673,6,-0.025995673506456325,kelly_low|ev_low|,0,False,100.0,0,0.0,9219.858059868988,9888.799656395047,668.9415965260596,0.0
2023-05-31,15:20:00,HAMILTON,Swiss Ace,6f,5.0,3.25,3.6,0.33339873630098416,2023-05-31_15:20:00,1.0,True,3.25,0.08354589297819848,6,0.03713150799031043,ev_low|,0,False,100.0,0,0.0,9219.858059868988,9888.799656395047,668.9415965260596,0.0
2023-05-31,15:50:00,HAMILTON,Simple Star,1m3f,1.0,3.0,3.2,0.48730928925113254,2023-05-31_15:50:00,1.0,True,3.0,0.46192786775339767,5,0.23096393387669883,,0,True,212.945468729213,1,425.890937458426,9645.748997327413,9888.799656395047,243.05065906763411,2.0
2023-05-31,15:50:00,HAMILTON,Sea Grey,1m3f,5.0,3.25,3.43,0.24176689284477393,2023-05-31_15:50:00,2.0,True,3.25,-0.21425759825448476,5,-0.09522559922421545,kelly_low|ev_low|,0,False,100.0,0,0.0,9645.748997327413,9888.799656395047,243.05065906763411,0.0
2023-05-31,16:20:00,HAMILTON,Arranmore,1m½f,2.0,3.0,3.15,0.4145829042141872,2023-05-31_16:20:00,1.0,True,3.0,0.2437487126425616,5,0.1218743563212808,,0,True,117.55694502859183,0,-117.55694502859183,10078.192052298822,10078.192052298822,0.0,-1.0
2023-05-31,16:20:00,HAMILTON,End Zone,1m½f,1.0,6.5,8.45,0.17678459845540742,2023-05-31_16:20:00,2.0,True,6.5,0.14909988996014822,5,0.027109070901845132,,0,True,100.0,1,550.0,10078.192052298822,10078.192052298822,0.0,5.5
2023-05-31,16:50:00,HAMILTON,Arkenstaar,1m1f,1.0,2.38,2.54,0.46899300391518733,2023-05-31_16:50:00,1.0,True,2.38,0.1162033493181458,5,0.08420532559285929,,0,True,100.0,1,138.0,10089.953247263004,10089.953247263004,0.0,1.38
2023-05-31,16:50:00,HAMILTON,Time Traveller,1m1f,2.0,4.5,5.2,0.3196461815400898,2023-05-31_16:50:00,2.0,True,4.5,0.438407816930404,5,0.1252593762658297,,0,True,126.23880503581927,0,-126.23880503581927,10089.953247263004,10089.953247263004,0.0,-1.0
2023-06-08,14:00:00,HAMILTON,Swordplay,6f,1.0,1.44,1.49,0.5606562603397913,2023-06-08_14:00:00,1.0,True,1.44,-0.19265498511070053,5,-0.4378522388879558,kelly_low|ev_low|odds_low|,0,False,100.0,1,0.0,9983.795412304424,10089.953247263004,106.15783495857977,0.0
2023-06-08,14:00:00,HAMILTON,Chumbaa,6f,2.0,6.5,8.0,0.2428712049522468,2023-06-08_14:00:00,2.0,True,6.5,0.5786628321896041,5,0.10521142403447348,,0,True,106.15783495858005,0,-106.15783495858005,9983.795412304424,10089.953247263004,106.15783495857977,-1.0
2023-06-08,14:30:00,HAMILTON,Crows Nest,6f,1.0,2.1,2.28,0.5290292049075285,2023-06-08_14:30:00,1.0,True,2.1,0.11096133030580979,5,0.10087393664164526,,0,True,100.71047458639451,1,110.78152204503397,10094.576934349458,10094.576934349458,0.0,1.1
2023-06-08,14:30:00,HAMILTON,Talha,6f,2.0,2.75,2.84,0.30438876586352137,2023-06-08_14:30:00,2.0,True,2.75,-0.16293089387531623,5,-0.09310336792875214,kelly_low|ev_low|,0,False,100.0,0,0.0,10094.576934349458,10094.576934349458,0.0,0.0
2023-06-08,16:10:00,HAMILTON,Thermoscope,1m5f,3.0,2.1,2.15,0.43356275720896464,2023-06-08_16:10:00,1.0,True,2.1,-0.0895182098611742,4,-0.08138019078288564,kelly_low|ev_low|,0,False,100.0,0,0.0,10094.576934349458,10094.576934349458,0.0,0.0
2023-06-08,16:10:00,HAMILTON,La Pulga,1m5f,1.0,2.88,3.05,0.3644446004464551,2023-06-08_16:10:00,2.0,True,2.88,0.04960044928579066,4,0.0263832177052078,ev_low|,0,False,100.0,1,0.0,10094.576934349458,10094.576934349458,0.0,0.0
2023-06-08,16:45:00,HAMILTON,Yaaser,6f,3.0,4.2,4.71,0.16583840380816323,2023-06-08_16:45:00,2.0,True,4.2,-0.3034787040057144,6,-0.09483709500178575,kelly_low|ev_low|,0,False,100.0,0,0.0,9817.581858911366,10094.576934349458,276.9950754380916,0.0
2023-06-08,16:45:00,HAMILTON,Elladora,6f,2.0,4.33,4.8,0.4419749696362928,2023-06-08_16:45:00,1.0,True,4.33,0.9137516185251479,6,0.2743998854429873,,0,True,276.99507543809136,0,-276.99507543809136,9817.581858911366,10094.576934349458,276.9950754380916,-1.0
2023-06-14,18:20:00,HAMILTON,Scoops Ahoy,5f,1.0,1.36,1.37,0.6508353598116149,2023-06-14_18:20:00,1.0,True,1.36,-0.11486391065620369,5,-0.3190664184894546,kelly_low|ev_low|odds_low|,0,False,100.0,1,0.0,9717.581858911366,10094.576934349458,376.9950754380916,0.0
2023-06-14,18:20:00,HAMILTON,Riverview Law,5f,2.0,9.5,12.39,0.1869273107555546,2023-06-14_18:20:00,2.0,True,9.5,0.7758094521777686,5,0.09127170025620808,,0,True,100.0,0,-100.0,9717.581858911366,10094.576934349458,376.9950754380916,-1.0
2023-06-14,18:50:00,HAMILTON,Graces Quest,1m3f,5.0,2.88,3.35,0.3523224227049079,2023-06-14_18:50:00,1.0,True,2.88,0.014688577390134627,6,0.007813073079858845,kelly_low|ev_low|,0,False,100.0,0,0.0,9617.581858911366,10094.576934349458,476.9950754380916,0.0
2023-06-14,18:50:00,HAMILTON,Fifty Sent,1m3f,3.0,4.0,4.18,0.28347933957113214,2023-06-14_18:50:00,2.0,True,4.0,0.13391735828452855,6,0.04463911942817619,,0,True,100.0,0,-100.0,9617.581858911366,10094.576934349458,476.9950754380916,-1.0
2023-06-14,19:20:00,HAMILTON,American Affair,6f,4.0,2.75,2.9,0.42113871785129176,2023-06-14_19:20:00,1.0,True,2.75,0.15813147409105233,6,0.09036084233774419,,0,True,100.0,0,-100.0,9517.581858911366,10094.576934349458,576.9950754380916,-1.0
2023-06-14,19:20:00,HAMILTON,Rock Of England,6f,1.0,4.5,5.7,0.1933602053077838,2023-06-14_19:20:00,2.0,True,4.5,-0.12987907611497285,6,-0.03710830746142081,kelly_low|ev_low|,0,False,100.0,1,0.0,9517.581858911366,10094.576934349458,576.9950754380916,0.0
2023-06-14,20:25:00,HAMILTON,Bonito Cavalo,5f,3.0,3.5,3.75,0.37084808991332274,2023-06-14_20:25:00,1.0,True,3.5,0.29796831469662954,5,0.11918732587865181,,0,True,113.43751305948138,0,-113.43751305948138,9404.144345851884,10094.576934349458,690.4325884975733,-1.0
2023-06-14,20:25:00,HAMILTON,Newyorkstateofmind,5f,1.0,3.5,4.3,0.19275595320473396,2023-06-14_20:25:00,2.0,True,3.5,-0.3253541637834312,5,-0.13014166551337247,kelly_low|ev_low|,0,False,100.0,1,0.0,9404.144345851884,10094.576934349458,690.4325884975733,0.0
2023-06-14,21:00:00,HAMILTON,My Honey B,1m½f,1.0,3.0,3.27,0.5034447866966139,2023-06-14_21:00:00,1.0,True,3.0,0.5103343600898416,6,0.2551671800449208,,0,True,239.96289934664117,1,479.92579869328233,9784.070144545167,10094.576934349458,310.50678980429075,2.0
2023-06-14,21:00:00,HAMILTON,Cosa Sara,1m½f,3.0,5.5,7.08,0.20777458619536945,2023-06-14_21:00:00,2.0,True,5.5,0.14276022407453204,6,0.0317244942387849,,0,True,100.0,0,-100.0,9784.070144545167,10094.576934349458,310.50678980429075,-1.0
2023-06-21,15:30:00,HAMILTON,Iris Dancer,6f,1.0,3.25,2.44,0.35364510359037915,2023-06-21_15:30:00,1.0,True,3.25,0.14934658666873224,5,0.06637626074165877,,0,True,100.0,1,225.0,9881.962305058063,10094.576934349458,212.61462929139452,2.25
2023-06-21,15:30:00,HAMILTON,Borough,6f,5.0,6.5,5.98,0.2637725808539182,2023-06-21_15:30:00,2.0,True,6.5,0.7145217755504683,5,0.12991305010008514,,0,True,127.10783948710434,0,-127.10783948710434,9881.962305058063,10094.576934349458,212.61462929139452,-1.0
2023-06-21,16:40:00,HAMILTON,Gone,1m½f,2.0,1.44,1.46,0.5788273443990439,2023-06-21_16:40:00,1.0,True,1.44,-0.1664886240653768,6,-0.37838323651222,kelly_low|ev_low|odds_low|,0,False,100.0,0,0.0,9773.301732917338,10094.576934349458,321.2752014321195,0.0
2023-06-21,16:40:00,HAMILTON,Cosa Sara,1m½f,3.0,6.0,7.33,0.25829874740997144,2023-06-21_16:40:00,2.0,True,6.0,0.5497924844598285,6,0.10995849689196571,,0,True,108.66057214072495,0,-108.66057214072495,9773.301732917338,10094.576934349458,321.2752014321195,-1.0
2023-06-29,18:30:00,HAMILTON,Ninety Nine,5f,1.0,2.63,2.81,0.24615774086507738,2023-06-29_18:30:00,1.0,True,2.63,-0.3526051415248465,5,-0.21632217271462978,kelly_low|ev_low|,0,False,100.0,1,0.0,9773.301732917338,10094.576934349458,321.2752014321195,0.0
2023-06-29,18:30:00,HAMILTON,Bellarchi,5f,2.0,3.0,3.34,0.24300958239179546,2023-06-29_18:30:00,2.0,True,3.0,-0.2709712528246136,5,-0.1354856264123068,kelly_low|ev_low|,0,False,100.0,0,0.0,9773.301732917338,10094.576934349458,321.2752014321195,0.0
2023-06-29,19:00:00,HAMILTON,Rajmeister,5f,3.0,2.5,2.62,0.3630562773090427,2023-06-29_19:00:00,1.0,True,2.5,-0.09235930672739323,6,-0.06157287115159549,kelly_low|ev_low|,0,False,100.0,0,0.0,9773.301732917338,10094.576934349458,321.2752014321195,0.0
2023-06-29,19:00:00,HAMILTON,Imperial Khan,5f,2.0,4.2,4.96,0.23556740124371703,2023-06-29_19:00:00,2.0,True,4.2,-0.010616914776388486,6,-0.003317785867621402,kelly_low|ev_low|,0,False,100.0,0,0.0,9773.301732917338,10094.576934349458,321.2752014321195,0.0
2023-06-29,20:00:00,HAMILTON,Abate,5f,3.0,3.0,3.4,0.2845454336099748,2023-06-29_20:00:00,1.0,True,3.0,-0.14636369917007552,6,-0.07318184958503776,kelly_low|ev_low|,0,False,100.0,0,0.0,9594.319666269956,10094.576934349458,500.25726807950196,0.0
2023-06-29,20:00:00,HAMILTON,Water Of Leith,5f,4.0,13.0,19.28,0.2459695464599371,2023-06-29_20:00:00,2.0,True,13.0,2.1976041039791823,6,0.18313367533159852,,0,True,178.9820666473833,0,-178.9820666473833,9594.319666269956,10094.576934349458,500.25726807950196,-1.0
2023-06-29,20:30:00,HAMILTON,Ajyad,1m3f,1.0,3.5,3.65,0.2740599450226401,2023-06-29_20:30:00,2.0,True,3.5,-0.04079019242075976,5,-0.016316076968303905,kelly_low|ev_low|,0,False,100.0,1,0.0,9494.319666269956,10094.576934349458,600.257268079502,0.0
2023-06-29,20:30:00,HAMILTON,Tiamat,1m3f,5.0,4.0,4.3,0.2755428738664411,2023-06-29_20:30:00,1.0,True,4.0,0.10217149546576443,5,0.03405716515525481,,0,True,100.0,0,-100.0,9494.319666269956,10094.576934349458,600.257268079502,-1.0
2023-07-04,14:15:00,HAMILTON,Midnight Lir,6f,3.0,1.62,1.64,0.5299992970195008,2023-07-04_14:15:00,1.0,True,1.62,-0.1414011388284087,6,-0.22806635294904626,kelly_low|ev_low|,0,False,100.0,0,0.0,10094.319666269956,10094.576934349458,0.25726807950195507,0.0
2023-07-04,14:15:00,HAMILTON,Imperiality,6f,1.0,7.0,8.0,0.17454526924383296,2023-07-04_14:15:00,2.0,True,7.0,0.2218168847068307,6,0.036969480784471785,,0,True,100.0,1,600.0,10094.319666269956,10094.576934349458,0.25726807950195507,6.0
2023-07-04,15:17:00,HAMILTON,Eilean Dubh,1m½f,1.0,3.75,4.14,0.2800694255289413,2023-07-04_15:17:00,1.0,True,3.75,0.05026034573353,6,0.018276489357647273,ev_low|,0,False,100.0,1,0.0,9992.179172259495,10094.576934349458,102.39776208996227,0.0
2023-07-04,15:17:00,HAMILTON,Repertoire,1m½f,2.0,6.0,6.88,0.25098842499820356,2023-07-04_15:17:00,2.0,True,6.0,0.5059305499892213,6,0.10118610999784425,,0,True,102.14049401045942,0,-102.14049401045942,9992.179172259495,10094.576934349458,102.39776208996227,-1.0
2023-07-04,15:47:00,HAMILTON,Roaring Legend,1m4f,2.0,2.25,2.35,0.3844548508063642,2023-07-04_15:47:00,1.0,True,2.25,-0.1349765856856805,5,-0.1079812685485444,kelly_low|ev_low|,0,False,100.0,0,0.0,10325.179172259495,10325.179172259495,0.0,0.0
2023-07-04,15:47:00,HAMILTON,Beraz,1m4f,1.0,4.33,4.8,0.3012166712291402,2023-07-04_15:47:00,2.0,True,4.33,0.304268186422177,5,0.09137182775440751,,0,True,100.0,1,333.0,10325.179172259495,10325.179172259495,0.0,3.33
2023-07-20,14:20:00,HAMILTON,Ganesha,5f,1.0,2.88,2.86,0.4512558806024897,2023-07-20_14:20:00,1.0,True,2.88,0.2996169361351704,4,0.159370710710197,,0,True,164.55311428931194,1,309.35985486390643,10634.539027123401,10634.539027123401,0.0,1.88
2023-07-20,14:20:00,HAMILTON,Valour And Swagger,5f,4.0,2.88,3.29,0.29268847919320085,2023-07-20_14:20:00,2.0,True,2.88,-0.1570571799235816,4,-0.08354105315084127,kelly_low|ev_low|,0,False,100.0,0,0.0,10634.539027123401,10634.539027123401,0.0,0.0
2023-07-20,15:25:00,HAMILTON,Bashful,1m1f,1.0,3.75,4.2,0.20672542340573413,2023-07-20_15:25:00,2.0,True,3.75,-0.2247796622284971,5,-0.08173805899218077,kelly_low|ev_low|,0,False,100.0,1,0.0,10498.151604931358,10634.539027123401,136.38742219204323,0.0
2023-07-20,15:25:00,HAMILTON,Zozimus,1m1f,4.0,4.5,4.56,0.3219718266750455,2023-07-20_15:25:00,1.0,True,4.5,0.4488732200377048,5,0.12824949143934422,,0,True,136.38742219204346,0,-136.38742219204346,10498.151604931358,10634.539027123401,136.38742219204323,-1.0
2023-07-21,17:55:00,HAMILTON,Ballymount Boy,6f,1.0,1.91,2.0,0.36634766920959344,2023-07-21_17:55:00,1.0,True,1.91,-0.3002759518096765,4,-0.32997357341722694,kelly_low|ev_low|,0,False,100.0,1,0.0,10398.151604931358,10634.539027123401,236.38742219204323,0.0
2023-07-21,17:55:00,HAMILTON,Media Shooter,6f,4.0,5.0,5.4,0.24135471921268126,2023-07-21_17:55:00,2.0,True,5.0,0.20677359606340628,4,0.05169339901585157,,0,True,100.0,0,-100.0,10398.151604931358,10634.539027123401,236.38742219204323,-1.0
2023-07-21,18:30:00,HAMILTON,Beyond Borders,6f,2.0,1.73,1.76,0.4124799437296437,2023-07-21_18:30:00,1.0,True,1.73,-0.28640969734771643,4,-0.39234205116125537,kelly_low|ev_low|,0,False,100.0,0,0.0,10398.151604931358,10634.539027123401,236.38742219204323,0.0
2023-07-21,18:30:00,HAMILTON,Up The Jazz,6f,4.0,4.0,4.5,0.22581486731816516,2023-07-21_18:30:00,2.0,True,4.0,-0.09674053072733935,4,-0.03224684357577978,kelly_low|ev_low|,0,False,100.0,0,0.0,10398.151604931358,10634.539027123401,236.38742219204323,0.0
2023-07-21,19:40:00,HAMILTON,Chesspiece,1m3f,1.0,2.0,2.28,0.6693702753206955,2023-07-21_19:40:00,1.0,True,2.0,0.33874055064139097,5,0.33874055064139097,,0,True,352.2275600307112,1,352.2275600307112,10750.379164962069,10750.379164962069,0.0,1.0
2023-07-21,19:40:00,HAMILTON,Circle Of Fire,1m3f,3.0,3.75,4.2,0.16339360001881723,2023-07-21_19:40:00,2.0,True,3.75,-0.38727399992943545,5,-0.14082690906524925,kelly_low|ev_low|,0,False,100.0,0,0.0,10750.379164962069,10750.379164962069,0.0,0.0
2023-07-21,20:15:00,HAMILTON,Huddle Up,5f,3.0,3.5,3.79,0.29272119856877876,2023-07-21_20:15:00,1.0,True,3.5,0.024524194990725667,6,0.009809677996290267,kelly_low|ev_low|,0,False,100.0,0,0.0,10750.379164962069,10750.379164962069,0.0,0.0
2023-07-21,20:15:00,HAMILTON,Honour Your Dreams,5f,1.0,3.75,4.1,0.25951475180425204,2023-07-21_20:15:00,2.0,True,3.75,-0.02681968073405494,6,-0.009752611176019978,kelly_low|ev_low|,0,False,100.0,1,0.0,10750.379164962069,10750.379164962069,0.0,0.0
2023-08-05,18:30:00,HAMILTON,Look Back Smiling,1m½f,4.0,1.57,1.68,0.6809598458862962,2023-08-05_18:30:00,1.0,True,1.57,0.06910695804148509,6,0.12124027726576331,ev_low|,0,False,100.0,0,0.0,10750.379164962069,10750.379164962069,0.0,0.0
2023-08-05,18:30:00,HAMILTON,Phoenix Fire,1m½f,5.0,6.0,8.0,0.11271372849432307,2023-08-05_18:30:00,2.0,True,6.0,-0.32371762903406165,6,-0.06474352580681234,kelly_low|ev_low|,0,False,100.0,0,0.0,10750.379164962069,10750.379164962069,0.0,0.0
2023-08-05,19:00:00,HAMILTON,Impressor,6f,1.0,2.75,3.12,0.2699524617831231,2023-08-05_19:00:00,2.0,True,2.75,-0.2576307300964115,6,-0.1472175600550923,kelly_low|ev_low|,0,False,100.0,1,0.0,10750.379164962069,10750.379164962069,0.0,0.0
2023-08-05,19:00:00,HAMILTON,Slainte Mhath,6f,2.0,3.0,3.03,0.29970180659195783,2023-08-05_19:00:00,1.0,True,3.0,-0.10089458022412645,6,-0.050447290112063226,kelly_low|ev_low|,0,False,100.0,0,0.0,10750.379164962069,10750.379164962069,0.0,0.0
2023-08-05,20:30:00,HAMILTON,Spanish Hustle,1m3f,1.0,2.63,2.84,0.2923530246819255,2023-08-05_20:30:00,2.0,True,2.63,-0.23111154508653603,6,-0.14178622397946997,kelly_low|ev_low|,0,False,100.0,1,0.0,10650.379164962069,10750.379164962069,100.0,0.0
2023-08-05,20:30:00,HAMILTON,Jaminoz,1m3f,2.0,3.0,3.85,0.3790659521231337,2023-08-05_20:30:00,1.0,True,3.0,0.13719785636940107,6,0.06859892818470054,,0,True,100.0,0,-100.0,10650.379164962069,10750.379164962069,100.0,-1.0
2023-08-14,18:10:00,HAMILTON,Impressor,5f,2.0,2.2,2.3,0.3897558749452866,2023-08-14_18:10:00,1.0,True,2.2,-0.1425370751203695,4,-0.11878089593364123,kelly_low|ev_low|,0,False,100.0,0,0.0,10403.015810733501,10750.379164962069,347.3633542285679,0.0
2023-08-14,18:10:00,HAMILTON,Gustav Graves,5f,4.0,5.0,6.14,0.38580623310941026,2023-08-14_18:10:00,2.0,True,5.0,0.9290311655470513,4,0.23225779138676284,,0,True,247.36335422856857,0,-247.36335422856857,10403.015810733501,10750.379164962069,347.3633542285679,-1.0
2023-08-14,18:40:00,HAMILTON,Emu War,6f,3.0,2.63,2.9,0.2907070545441801,2023-08-14_18:40:00,1.0,True,2.63,-0.23544044654880636,6,-0.14444199174773398,kelly_low|ev_low|,0,False,100.0,0,0.0,10403.015810733501,10750.379164962069,347.3633542285679,0.0
2023-08-14,18:40:00,HAMILTON,Chumbaa,6f,1.0,3.25,3.38,0.27532635733257965,2023-08-14_18:40:00,2.0,True,3.25,-0.10518933866911606,6,-0.0467508171862738,kelly_low|ev_low|,0,False,100.0,1,0.0,10403.015810733501,10750.379164962069,347.3633542285679,0.0
2023-08-14,19:10:00,HAMILTON,Dreams Adozen,1m3f,1.0,1.67,1.51,0.5711398361625384,2023-08-14_19:10:00,1.0,True,1.67,-0.04619647360856094,4,-0.06894996060979246,kelly_low|ev_low|,0,False,100.0,1,0.0,10265.392142748124,10750.379164962069,484.98702221394524,0.0
2023-08-14,19:10:00,HAMILTON,Mistress Light,1m3f,3.0,7.0,7.95,0.25625036087547576,2023-08-14_19:10:00,2.0,True,7.0,0.7937525261283302,4,0.13229208768805503,,0,True,137.62366798537795,0,-137.62366798537795,10265.392142748124,10750.379164962069,484.98702221394524,-1.0
2023-08-14,20:10:00,HAMILTON,Slainte Mhath,6f,5.0,2.0,2.19,0.33425416301652,2023-08-14_20:10:00,1.0,True,2.0,-0.33149167396696,6,-0.33149167396696,kelly_low|ev_low|,0,False,100.0,0,0.0,11182.293675638204,11182.293675638204,0.0,0.0
2023-08-14,20:10:00,HAMILTON,Love De Vega,6f,1.0,9.0,10.5,0.21035519909353503,2023-08-14_20:10:00,2.0,True,9.0,0.8931967918418153,6,0.11164959898022692,,0,True,114.61269161126003,1,916.9015328900803,11182.293675638204,11182.293675638204,0.0,8.0
2023-08-25,16:40:00,HAMILTON,Granny Budgie,6f,1.0,3.0,3.04,0.3403749614994979,2023-08-25_16:40:00,1.0,True,3.0,0.021124884498493812,5,0.010562442249246906,ev_low|,0,False,100.0,1,0.0,11182.293675638204,11182.293675638204,0.0,0.0
2023-08-25,16:40:00,HAMILTON,Fusterlandia,6f,2.0,3.25,3.9,0.22932885788083945,2023-08-25_16:40:00,2.0,True,3.25,-0.2546812118872718,5,-0.11319164972767634,kelly_low|ev_low|,0,False,100.0,0,0.0,11182.293675638204,11182.293675638204,0.0,0.0
2023-08-25,18:20:00,HAMILTON,Kingfisher King,1m3f,2.0,2.25,2.36,0.5656054488103225,2023-08-25_18:20:00,1.0,True,2.25,0.27261225982322557,5,0.21808980785858045,,0,True,243.87442791381554,0,-243.87442791381554,10838.419247724389,11182.293675638204,343.87442791381545,-1.0
2023-08-25,18:20:00,HAMILTON,Maxident,1m3f,3.0,5.5,6.02,0.22284042404825607,2023-08-25_18:20:00,2.0,True,5.5,0.2256223322654084,5,0.050138296058979646,,0,True,100.0,0,-100.0,10838.419247724389,11182.293675638204,343.87442791381545,-1.0
2023-09-05,17:15:00,HAMILTON,Spectacular Style,1m4f,1.0,1.14,1.16,0.6324326103151052,2023-09-05_17:15:00,1.0,True,1.14,-0.2790268242407801,4,-1.9930487445770022,kelly_low|ev_low|odds_low|,0,False,100.0,1,0.0,10615.525590054,11182.293675638204,566.7680855842045,0.0
2023-09-05,17:15:00,HAMILTON,Weigh Anchor,1m4f,2.0,5.5,7.13,0.3500784547654983,2023-09-05_17:15:00,2.0,True,5.5,0.9254315012102408,4,0.20565144471338684,,0,True,222.89365767038998,0,-222.89365767038998,10615.525590054,11182.293675638204,566.7680855842045,-1.0
2023-09-05,17:45:00,HAMILTON,Bellarchi,6f,1.0,2.75,2.81,0.4142002313055615,2023-09-05_17:45:00,1.0,True,2.75,0.1390506360902941,6,0.07945750633731093,,0,True,100.0,1,175.0,10790.525590054,11182.293675638204,391.7680855842045,1.75
2023-09-05,17:45:00,HAMILTON,Dc Flyer,6f,4.0,3.75,3.8,0.2518052418540092,2023-09-05_17:45:00,2.0,True,3.75,-0.05573034304746549,6,-0.020265579289987453,kelly_low|ev_low|,0,False,100.0,0,0.0,10790.525590054,11182.293675638204,391.7680855842045,0.0
2023-09-05,18:15:00,HAMILTON,Iris Dancer,6f,1.0,3.75,3.96,0.22976131011889758,2023-09-05_18:15:00,2.0,True,3.75,-0.13839508705413406,6,-0.050325486201503296,kelly_low|ev_low|,0,False,100.0,1,0.0,10689.170908655466,11182.293675638204,493.12276698273854,0.0
2023-09-05,18:15:00,HAMILTON,Sacred Falls,6f,2.0,5.0,5.67,0.27514346214383206,2023-09-05_18:15:00,1.0,True,5.0,0.37571731071916026,6,0.09392932767979006,,0,True,101.35468139853423,0,-101.35468139853423,10689.170908655466,11182.293675638204,493.12276698273854,-1.0
2023-09-24,14:15:00,HAMILTON,Garfield Shadow,5f,1.0,3.75,3.9,0.3568260744860204,2023-09-24_14:15:00,1.0,True,3.75,0.33809777932257634,4,0.1229446470263914,,0,True,131.41763443694177,1,361.39849470158987,10796.271008973314,11182.293675638204,386.0226666648905,2.75
2023-09-24,14:15:00,HAMILTON,Our Bank,5f,4.0,10.0,12.99,0.314112541469464,2023-09-24_14:15:00,2.0,True,10.0,2.14112541469464,4,0.23790282385496,,0,True,254.29839438374245,0,-254.29839438374245,10796.271008973314,11182.293675638204,386.0226666648905,-1.0
2023-09-24,14:50:00,HAMILTON,Aconcagua Mountain,5f,4.0,1.67,1.7,0.3811596562876058,2023-09-24_14:50:00,1.0,True,1.67,-0.3634633739996983,6,-0.5424826477607438,kelly_low|ev_low|,0,False,100.0,0,0.0,11146.271008973314,11182.293675638204,36.022666664890494,0.0
2023-09-24,14:50:00,HAMILTON,Ski Angel,5f,1.0,4.5,5.63,0.27735442688481216,2023-09-24_14:50:00,2.0,True,4.5,0.24809492098165464,6,0.07088426313761562,,0,True,100.0,1,350.0,11146.271008973314,11182.293675638204,36.022666664890494,3.5
2023-09-24,15:25:00,HAMILTON,Bringbackmemories,1m1f,1.0,1.62,1.73,0.5653805878421219,2023-09-24_15:25:00,1.0,True,1.62,-0.08408344769576254,5,-0.13561846402542344,kelly_low|ev_low|,0,False,100.0,1,0.0,11146.271008973314,11182.293675638204,36.022666664890494,0.0
2023-09-24,15:25:00,HAMILTON,Iconique,1m1f,3.0,3.5,3.95,0.2966599963523512,2023-09-24_15:25:00,2.0,True,3.5,0.038309987233229204,5,0.01532399489329168,ev_low|,0,False,100.0,0,0.0,11146.271008973314,11182.293675638204,36.022666664890494,0.0
2023-09-24,16:00:00,HAMILTON,Slainte Mhath,6f,6.0,5.0,6.0,0.20661958912833417,2023-09-24_16:00:00,2.0,True,5.0,0.0330979456416709,6,0.008274486410417725,kelly_low|ev_low|,0,False,100.0,0,0.0,11046.271008973314,11182.293675638204,136.0226666648905,0.0
2023-09-24,16:00:00,HAMILTON,Love Lies,6f,5.0,6.0,7.61,0.24006750483764894,2023-09-24_16:00:00,1.0,True,6.0,0.4404050290258935,6,0.0880810058051787,,0,True,100.0,0,-100.0,11046.271008973314,11182.293675638204,136.0226666648905,-1.0
2023-09-25,15:30:00,HAMILTON,Dundory,1m4f,5.0,3.25,3.25,0.2749234849379531,2023-09-25_15:30:00,1.0,True,3.25,-0.10649867395165236,5,-0.04733274397851216,kelly_low|ev_low|,0,False,100.0,0,0.0,10946.271008973314,11182.293675638204,236.0226666648905,0.0
2023-09-25,15:30:00,HAMILTON,Ayr Poet,1m4f,3.0,4.5,4.87,0.2691823623797825,2023-09-25_15:30:00,2.0,True,4.5,0.21132063070902118,5,0.060377323059720336,,0,True,100.0,0,-100.0,10946.271008973314,11182.293675638204,236.0226666648905,-1.0
2023-10-02,15:10:00,HAMILTON,Winged Messenger,5f,1.0,2.1,2.52,0.3894813710598387,2023-10-02_15:10:00,1.0,True,2.1,-0.1820891207743387,5,-0.1655355643403079,kelly_low|ev_low|,0,False,100.0,1,0.0,10946.271008973314,11182.293675638204,236.0226666648905,0.0
2023-10-02,15:10:00,HAMILTON,Ingleby Archie,5f,2.0,2.38,2.5,0.388446809667385,2023-10-02_15:10:00,2.0,True,2.38,-0.07549659299162381,5,-0.05470767608088682,kelly_low|ev_low|,0,False,100.0,0,0.0,10946.271008973314,11182.293675638204,236.0226666648905,0.0
2023-10-02,15:40:00,HAMILTON,Anjo Bonita,1m½f,3.0,2.88,3.27,0.4078096547400326,2023-10-02_15:40:00,1.0,True,2.88,0.17449180565129385,5,0.09281479024004993,,0,True,101.5975847608598,0,-101.5975847608598,11119.673424212453,11182.293675638204,62.62025142575112,-1.0
2023-10-02,15:40:00,HAMILTON,Zarabanda,1m½f,1.0,3.75,3.71,0.2981206185941284,2023-10-02_15:40:00,2.0,True,3.75,0.11795231972798159,5,0.04289175262835694,,0,True,100.0,1,275.0,11119.673424212453,11182.293675638204,62.62025142575112,2.75
2024-05-05,14:05:00,HAMILTON,Simple Star,1m5f,5.0,3.25,3.48,0.4951893402177975,2024-05-05_14:05:00,1.0,True,3.25,0.6093653557078419,6,0.2708290469812631,,0,True,301.1530556222337,0,-301.1530556222337,10818.52036859022,11182.293675638204,363.7733070479844,-1.0
2024-05-05,14:05:00,HAMILTON,Capital Theory,1m5f,1.0,3.75,3.79,0.25268567510759726,2024-05-05_14:05:00,2.0,True,3.75,-0.052428718346510306,6,-0.01906498848964011,kelly_low|ev_low|,0,False,100.0,1,0.0,10818.52036859022,11182.293675638204,363.7733070479844,0.0
2024-05-05,15:10:00,HAMILTON,Cavalier Approach,5f,4.0,2.63,2.6,0.4142906894117348,2024-05-05_15:10:00,1.0,True,2.63,0.08958451315286253,6,0.054959824020161065,ev_low|,0,False,100.0,0,0.0,10718.52036859022,11182.293675638204,463.7733070479844,0.0
2024-05-05,15:10:00,HAMILTON,Son Of Sampers,5f,3.0,4.0,4.54,0.3129324892472252,2024-05-05_15:10:00,2.0,True,4.0,0.2517299569889009,6,0.08390998566296697,,0,True,100.0,0,-100.0,10718.52036859022,11182.293675638204,463.7733070479844,-1.0
2024-05-17,18:05:00,HAMILTON,Up The Clarets,5f,1.0,3.25,3.37,0.257776192703922,2024-05-17_18:05:00,2.0,True,3.25,-0.1622273737122536,5,-0.07210105498322382,kelly_low|ev_low|,0,False,100.0,1,0.0,10718.52036859022,11182.293675638204,463.7733070479844,0.0
2024-05-17,18:05:00,HAMILTON,Gobsmacked,5f,3.0,3.25,3.62,0.2691154021741828,2024-05-17_18:05:00,1.0,True,3.25,-0.12537494293390594,5,-0.05572219685951375,kelly_low|ev_low|,0,False,100.0,0,0.0,10718.52036859022,11182.293675638204,463.7733070479844,0.0
2024-05-17,18:40:00,HAMILTON,Quintus Arrius,6f,3.0,3.5,3.58,0.32592128419369765,2024-05-17_18:40:00,1.0,True,3.5,0.14072449467794168,5,0.056289797871176675,,0,True,100.0,0,-100.0,10618.52036859022,11182.293675638204,563.7733070479844,-1.0
2024-05-17,18:40:00,HAMILTON,Sacred Falls,6f,2.0,3.75,4.24,0.2449494225714782,2024-05-17_18:40:00,2.0,True,3.75,-0.08143966535695668,5,-0.029614423766166065,kelly_low|ev_low|,0,False,100.0,0,0.0,10618.52036859022,11182.293675638204,563.7733070479844,0.0
2024-05-17,19:15:00,HAMILTON,Capital Theory,1m4f,2.0,2.5,2.61,0.5290286436298879,2024-05-17_19:15:00,1.0,True,2.5,0.3225716090747197,6,0.21504773938314647,,0,True,228.34888008592222,0,-228.34888008592222,10390.171488504298,11182.293675638204,792.1221871339058,-1.0
2024-05-17,19:15:00,HAMILTON,Get Shirty,1m4f,3.0,5.0,5.04,0.13549769614672494,2024-05-17_19:15:00,2.0,True,5.0,-0.32251151926637533,6,-0.08062787981659383,kelly_low|ev_low|,0,False,100.0,0,0.0,10390.171488504298,11182.293675638204,792.1221871339058,0.0
2024-05-29,14:50:00,HAMILTON,Milford,5f,1.0,2.2,2.2,0.3281714528949303,2024-05-29_14:50:00,1.0,True,2.2,-0.2780228036311532,5,-0.23168566969262766,kelly_low|ev_low|,0,False,100.0,1,0.0,10284.54795013263,11182.293675638204,897.7457255055742,0.0
2024-05-29,14:50:00,HAMILTON,Lucius Aurelius,5f,3.0,9.0,10.0,0.2014730360972224,2024-05-29_14:50:00,2.0,True,9.0,0.8132573248750015,5,0.10165716560937518,,0,True,105.62353837166899,0,-105.62353837166899,10284.54795013263,11182.293675638204,897.7457255055742,-1.0
2024-05-29,15:50:00,HAMILTON,Contacto,1m4f,1.0,1.73,1.77,0.5837318268080519,2024-05-29_15:50:00,1.0,True,1.73,0.009856060377929798,4,0.013501452572506574,ev_low|,0,False,100.0,1,0.0,10184.54795013263,11182.293675638204,997.7457255055742,0.0
2024-05-29,15:50:00,HAMILTON,Victory Shout,1m4f,2.0,6.0,6.14,0.23382539641462058,2024-05-29_15:50:00,2.0,True,6.0,0.4029523784877236,4,0.08059047569754471,,0,True,100.0,0,-100.0,10184.54795013263,11182.293675638204,997.7457255055742,-1.0
2024-05-29,17:20:00,HAMILTON,We Still Believe,1m1f,2.0,1.83,1.87,0.5418024550272671,2024-05-29_17:20:00,1.0,True,1.83,-0.008501507300101185,5,-0.010242779879639981,kelly_low|ev_low|,0,False,100.0,0,0.0,10736.990515505733,11182.293675638204,445.303160132471,0.0
2024-05-29,17:20:00,HAMILTON,Ledger,1m1f,1.0,5.0,5.81,0.3084864184602144,2024-05-29_17:20:00,2.0,True,5.0,0.542432092301072,5,0.135608023075268,,0,True,138.11064134327592,1,552.4425653731037,10736.990515505733,11182.293675638204,445.303160132471,4.0
2024-06-02,15:40:00,HAMILTON,Catalyse,6f,1.0,2.25,2.32,0.32924126303643336,2024-06-02_15:40:00,1.0,True,2.25,-0.25920715816802486,6,-0.2073657265344199,kelly_low|ev_low|,0,False,100.0,1,0.0,10572.456785084489,11182.293675638204,609.8368905537154,0.0
2024-06-02,15:40:00,HAMILTON,Hot Property,6f,4.0,9.0,10.5,0.24732451710013115,2024-06-02_15:40:00,2.0,True,9.0,1.2259206539011802,6,0.15324008173764753,,0,True,164.53373042124448,0,-164.53373042124448,10572.456785084489,11182.293675638204,609.8368905537154,-1.0
2024-06-02,16:10:00,HAMILTON,Align The Stars,1m3f,3.0,2.38,2.52,0.334064229212801,2024-06-02_16:10:00,2.0,True,2.38,-0.20492713447353367,4,-0.14849792353154614,kelly_low|ev_low|,0,False,100.0,0,0.0,11146.912139622926,11182.293675638204,35.38153601527847,0.0
2024-06-02,16:10:00,HAMILTON,Whathappensinvegas,1m3f,1.0,4.5,5.16,0.3429668590157088,2024-06-02_16:10:00,1.0,True,4.5,0.5433508655706895,4,0.1552431044487684,,0,True,164.13010129669615,1,574.4553545384365,11146.912139622926,11182.293675638204,35.38153601527847,3.4999999999999996
2024-06-12,19:20:00,HAMILTON,Angel Of England,6f,5.0,3.25,3.54,0.2707167875284205,2024-06-12_19:20:00,1.0,True,3.25,-0.12017044053263348,6,-0.053409084681170435,kelly_low|ev_low|,0,False,100.0,0,0.0,11043.670963634142,11182.293675638204,138.62271200406212,0.0
2024-06-12,19:20:00,HAMILTON,Mr Irrelevant,6f,3.0,6.0,7.14,0.2438488604853192,2024-06-12_19:20:00,2.0,True,6.0,0.46309316291191516,6,0.09261863258238304,,0,True,103.2411759887841,0,-103.2411759887841,11043.670963634142,11182.293675638204,138.62271200406212,-1.0
2024-06-12,19:50:00,HAMILTON,Sacred Falls,6f,3.0,2.63,2.68,0.49018057495528683,2024-06-12_19:50:00,1.0,True,2.63,0.2891749121324042,6,0.17740792155362223,,0,True,195.92347119804217,0,-195.92347119804217,10747.7474924361,11182.293675638204,434.54618320210466,-1.0
2024-06-12,19:50:00,HAMILTON,Winter Crown,6f,2.0,4.5,4.86,0.25720031350925165,2024-06-12_19:50:00,2.0,True,4.5,0.1574014107916325,6,0.044971831654752145,,0,True,100.0,0,-100.0,10747.7474924361,11182.293675638204,434.54618320210466,-1.0
2024-06-19,14:15:00,HAMILTON,Georgecandoit,5f,3.0,1.62,1.68,0.4493650196124272,2024-06-19_14:15:00,1.0,True,1.62,-0.27202866822786786,5,-0.438755916496561,kelly_low|ev_low|,0,False,100.0,0,0.0,10747.7474924361,11182.293675638204,434.54618320210466,0.0
2024-06-19,14:15:00,HAMILTON,Jungle Drums,5f,1.0,2.88,3.46,0.35249659069250266,2024-06-19_14:15:00,2.0,True,2.88,0.015190181194407626,5,0.00807988361404661,kelly_low|ev_low|,0,False,100.0,1,0.0,10747.7474924361,11182.293675638204,434.54618320210466,0.0
2024-06-19,16:10:00,HAMILTON,Jazz Scene,1m½f,1.0,2.75,3.01,0.4050029936125043,2024-06-19_16:10:00,1.0,True,2.75,0.11375823243438687,5,0.06500470424822107,,0,True,100.0,1,175.0,10755.188243167195,11182.293675638204,427.1054324710094,1.75
2024-06-19,16:10:00,HAMILTON,Rosenzoo,1m½f,5.0,6.5,7.35,0.285763007426232,2024-06-19_16:10:00,2.0,True,6.5,0.8574595482705081,5,0.15590173604918328,,0,True,167.5592492689044,0,-167.5592492689044,10755.188243167195,11182.293675638204,427.1054324710094,-1.0
2024-06-19,16:50:00,HAMILTON,Naturalia,1m½f,2.0,3.25,3.4,0.398054376421538,2024-06-19_16:50:00,1.0,True,3.25,0.2936767233699986,6,0.13052298816444383,,0,True,140.37993077692772,0,-140.37993077692772,10497.439129846223,11182.293675638204,684.8545457919809,-1.0
2024-06-19,16:50:00,HAMILTON,Persian Phoenix,1m½f,3.0,3.5,4.01,0.36366283342274935,2024-06-19_16:50:00,2.0,True,3.5,0.2728199169796228,6,0.10912796679184913,,0,True,117.36918254404358,0,-117.36918254404358,10497.439129846223,11182.293675638204,684.8545457919809,-1.0
2024-06-27,18:45:00,HAMILTON,Honour Your Dreams,5f,3.0,2.5,2.6,0.3793433601108584,2024-06-27_18:45:00,1.0,True,2.5,-0.05164159972285398,6,-0.03442773314856932,kelly_low|ev_low|,0,False,100.0,0,0.0,10947.439129846223,11182.293675638204,234.85454579198085,0.0
2024-06-27,18:45:00,HAMILTON,Zaphea,5f,1.0,5.5,6.54,0.237271043876573,2024-06-27_18:45:00,2.0,True,5.5,0.30499074132115145,6,0.0677757202935892,,0,True,100.0,1,450.0,10947.439129846223,11182.293675638204,234.85454579198085,4.5
2024-06-27,20:15:00,HAMILTON,Clear Storm,1m3f,2.0,2.25,2.38,0.3417842773936942,2024-06-27_20:15:00,1.0,True,2.25,-0.230985375864188,6,-0.18478830069135038,kelly_low|ev_low|,0,False,100.0,0,0.0,10847.439129846223,11182.293675638204,334.85454579198085,0.0
2024-06-27,20:15:00,HAMILTON,Reyaadah Star,1m3f,3.0,4.5,5.1,0.2657276438316374,2024-06-27_20:15:00,2.0,True,4.5,0.19577439724236823,6,0.05593554206924806,,0,True,100.0,0,-100.0,10847.439129846223,11182.293675638204,334.85454579198085,-1.0
2024-07-02,14:45:00,HAMILTON,Individualism,1m½f,2.0,2.75,2.79,0.3104258288402619,2024-07-02_14:45:00,1.0,True,2.75,-0.14632897068927975,6,-0.08361655467958842,kelly_low|ev_low|,0,False,100.0,0,0.0,10747.439129846223,11182.293675638204,434.85454579198085,0.0
2024-07-02,14:45:00,HAMILTON,Jonny Concrete,1m½f,4.0,5.0,5.88,0.2407455100367123,2024-07-02_14:45:00,2.0,True,5.0,0.20372755018356148,6,0.05093188754589037,,0,True,100.0,0,-100.0,10747.439129846223,11182.293675638204,434.85454579198085,-1.0
2024-07-02,15:45:00,HAMILTON,Sacred Falls,6f,4.0,3.5,3.36,0.2695080474680291,2024-07-02_15:45:00,2.0,True,3.5,-0.05672183386189811,5,-0.022688733544759244,kelly_low|ev_low|,0,False,100.0,0,0.0,10614.772488158695,11182.293675638204,567.5211874795095,0.0
2024-07-02,15:45:00,HAMILTON,Catherine Chroi,6f,3.0,5.0,5.94,0.2987521883750758,2024-07-02_15:45:00,1.0,True,5.0,0.4937609418753789,5,0.12344023546884472,,0,True,132.66664168752934,0,-132.66664168752934,10614.772488158695,11182.293675638204,567.5211874795095,-1.0
2024-07-02,16:15:00,HAMILTON,LEagle Aid,1m4f,4.0,4.0,3.95,0.2359636678117108,2024-07-02_16:15:00,2.0,True,4.0,-0.05614532875315681,6,-0.018715109584385603,kelly_low|ev_low|,0,False,100.0,0,0.0,11048.611240189846,11182.293675638204,133.68243544835786,0.0
2024-07-02,16:15:00,HAMILTON,Victory Shout,1m4f,1.0,4.5,4.8,0.3130471661105879,2024-07-02_16:15:00,1.0,True,4.5,0.40871224749764556,6,0.11677492785647016,,0,True,123.95392915175758,1,433.8387520311515,11048.611240189846,11182.293675638204,133.68243544835786,3.5
2024-07-02,16:52:00,HAMILTON,Lady Bouquet,5f,1.0,2.5,2.63,0.4200827909864365,2024-07-02_16:52:00,1.0,True,2.5,0.05020697746609126,6,0.033471318310727506,ev_low|,0,False,100.0,1,0.0,10948.611240189846,11182.293675638204,233.68243544835786,0.0
2024-07-02,16:52:00,HAMILTON,Hardy Angel,5f,6.0,6.0,7.06,0.2160369342636417,2024-07-02_16:52:00,2.0,True,6.0,0.2962216055818503,6,0.059244321116370055,,0,True,100.0,0,-100.0,10948.611240189846,11182.293675638204,233.68243544835786,-1.0
2024-07-13,18:25:00,HAMILTON,Airspeed,5f,1.0,1.73,1.75,0.46097630030274106,2024-07-13_18:25:00,1.0,True,1.73,-0.20251100047625797,6,-0.2774123294195315,kelly_low|ev_low|,0,False,100.0,1,0.0,10840.130296796204,11182.293675638204,342.1633788420004,0.0
2024-07-13,18:25:00,HAMILTON,Tower Of Africa,5f,5.0,8.5,8.93,0.20507228323337756,2024-07-13_18:25:00,2.0,True,8.5,0.7431144074837093,6,0.09908192099782791,,0,True,108.4809433936421,0,-108.4809433936421,10840.130296796204,11182.293675638204,342.1633788420004,-1.0
2024-07-13,19:00:00,HAMILTON,Moyola,6f,5.0,3.5,3.7,0.28173363927318923,2024-07-13_19:00:00,2.0,True,3.5,-0.013932262543837615,6,-0.005572905017535046,kelly_low|ev_low|,0,False,100.0,0,0.0,10621.134527202692,11182.293675638204,561.1591484355122,0.0
2024-07-13,19:00:00,HAMILTON,Quintus Arrius,6f,3.0,9.5,11.69,0.28602074839936514,2024-07-13_19:00:00,1.0,True,9.5,1.717197109793969,6,0.20202318938752575,,0,True,218.9957695935115,0,-218.9957695935115,10621.134527202692,11182.293675638204,561.1591484355122,-1.0
2024-07-13,20:30:00,HAMILTON,Jumeira Vision,1m½f,1.0,3.25,3.55,0.28068550141717585,2024-07-13_20:30:00,1.0,True,3.25,-0.08777212039417848,5,-0.03900983128630155,kelly_low|ev_low|,0,False,100.0,1,0.0,10621.134527202692,11182.293675638204,561.1591484355122,0.0
2024-07-13,20:30:00,HAMILTON,Pacos Pride,1m½f,3.0,3.5,3.53,0.22074603491847924,2024-07-13_20:30:00,2.0,True,3.5,-0.22738887778532269,5,-0.09095555111412908,kelly_low|ev_low|,0,False,100.0,0,0.0,10621.134527202692,11182.293675638204,561.1591484355122,0.0
2024-07-18,14:20:00,HAMILTON,Lady Luzon,5f,1.0,2.63,2.82,0.34691034619572564,2024-07-18_14:20:00,1.0,True,2.63,-0.08762578950524158,5,-0.05375815307070036,kelly_low|ev_low|,0,False,100.0,1,0.0,10521.134527202692,11182.293675638204,661.1591484355122,0.0
2024-07-18,14:20:00,HAMILTON,J Street,5f,3.0,4.5,5.1,0.24612235862781515,2024-07-18_14:20:00,2.0,True,4.5,0.10755061382516817,5,0.030728746807190906,,0,True,100.0,0,-100.0,10521.134527202692,11182.293675638204,661.1591484355122,-1.0
2024-07-18,15:55:00,HAMILTON,Benacre,1m½f,2.0,4.0,4.39,0.31745757401392255,2024-07-18_15:55:00,1.0,True,4.0,0.2698302960556902,6,0.0899434320185634,,0,True,100.0,0,-100.0,10321.134527202692,11182.293675638204,861.1591484355122,-1.0
2024-07-18,15:55:00,HAMILTON,Tele Red,1m½f,5.0,5.5,6.0,0.22891956737366934,2024-07-18_15:55:00,2.0,True,5.5,0.25905762055518144,6,0.05756836012337366,,0,True,100.0,0,-100.0,10321.134527202692,11182.293675638204,861.1591484355122,-1.0
2024-07-19,19:10:00,HAMILTON,Kalpana,1m3f,1.0,1.83,1.95,0.539209075830817,2024-07-19_19:10:00,1.0,True,1.83,-0.013247391229604832,5,-0.0159607123248251,kelly_low|ev_low|,0,False,100.0,1,0.0,10165.613822168576,11182.293675638204,1016.6798534696281,0.0
2024-07-19,19:10:00,HAMILTON,Rouge Sellier,1m3f,4.0,5.5,6.4,0.30510328470523645,2024-07-19_19:10:00,2.0,True,5.5,0.6780680658788005,5,0.15068179241751123,,0,True,155.5207050341164,0,-155.5207050341164,10165.613822168576,11182.293675638204,1016.6798534696281,-1.0
2024-07-19,20:20:00,HAMILTON,LEagle Aid,1m4f,5.0,2.5,2.54,0.42976724052189824,2024-07-19_20:20:00,1.0,True,2.5,0.07441810130474558,6,0.04961206753649705,ev_low|,0,False,100.0,0,0.0,10165.613822168576,11182.293675638204,1016.6798534696281,0.0
2024-07-19,20:20:00,HAMILTON,Twoforthegutter,1m4f,3.0,5.0,5.9,0.2133234959345176,2024-07-19_20:20:00,2.0,True,5.0,0.06661747967258802,6,0.016654369918147005,ev_low|,0,False,100.0,0,0.0,10165.613822168576,11182.293675638204,1016.6798534696281,0.0
2024-08-03,18:10:00,HAMILTON,Temper Trap,1m1f,2.0,2.0,2.13,0.4780966121088155,2024-08-03_18:10:00,1.0,True,2.0,-0.04380677578236902,6,-0.04380677578236902,kelly_low|ev_low|,0,False,100.0,0,0.0,10639.919328023547,11182.293675638204,542.3743476146574,0.0
2024-08-03,18:10:00,HAMILTON,Carvalhal,1m1f,1.0,5.5,5.98,0.266650604345233,2024-08-03_18:10:00,2.0,True,5.5,0.4665783238987815,6,0.10368407197750701,,0,True,105.40122352332668,1,474.3055058549701,10639.919328023547,11182.293675638204,542.3743476146574,4.5
2024-08-03,19:10:00,HAMILTON,Classy Al,5f,4.0,2.88,3.01,0.43089004552649524,2024-08-03_19:10:00,1.0,True,2.88,0.2409633311163062,5,0.1281719846363331,,0,True,136.37395766432576,0,-136.37395766432576,11316.594528357677,11316.594528357677,0.0,-1.0
2024-08-03,19:10:00,HAMILTON,Reigning Profit,5f,1.0,4.5,5.16,0.39203327538542854,2024-08-03_19:10:00,2.0,True,4.5,0.7641497392344283,5,0.21832849692412237,,0,True,232.29975942812993,1,813.0491579984548,11316.594528357677,11316.594528357677,0.0,3.5
2024-08-03,19:40:00,HAMILTON,Jordan Electrics,5f,1.0,3.5,4.26,0.18865737798441812,2024-08-03_19:40:00,2.0,True,3.5,-0.33969917705453667,6,-0.13587967082181468,kelly_low|ev_low|,0,False,100.0,1,0.0,11149.381672214564,11316.594528357677,167.21285614311273,0.0
2024-08-03,19:40:00,HAMILTON,Dark Vintage,5f,4.0,4.5,4.93,0.3371458799895557,2024-08-03_19:40:00,1.0,True,4.5,0.5171564599530007,6,0.1477589885580002,,0,True,167.212856143113,0,-167.212856143113,11149.381672214564,11316.594528357677,167.21285614311273,-1.0
2024-08-03,20:10:00,HAMILTON,Quantum Leap,1m5f,3.0,2.88,3.08,0.3701258749165823,2024-08-03_20:10:00,1.0,True,2.88,0.06596251975975698,4,0.0350864466807218,ev_low|,0,False,100.0,0,0.0,11499.381672214564,11499.381672214564,0.0,0.0
2024-08-03,20:10:00,HAMILTON,Bringbackmemories,1m5f,1.0,4.5,4.77,0.28052177951991275,2024-08-03_20:10:00,2.0,True,4.5,0.2623480078396073,4,0.07495657366845923,,0,True,100.0,1,350.0,11499.381672214564,11499.381672214564,0.0,3.5
2024-08-03,20:40:00,HAMILTON,Humble Spark,1m3f,1.0,1.83,1.96,0.48977867943869835,2024-08-03_20:40:00,1.0,True,1.83,-0.10370501662718201,5,-0.12494580316527952,kelly_low|ev_low|,0,False,100.0,1,0.0,11389.368309623385,11499.381672214564,110.01336259117852,0.0
2024-08-03,20:40:00,HAMILTON,Kojin,1m3f,4.0,5.5,5.59,0.2600927670044748,2024-08-03_20:40:00,2.0,True,5.5,0.43051021852461147,5,0.09566893744991366,,0,True,110.01336259117788,0,-110.01336259117788,11389.368309623385,11499.381672214564,110.01336259117852,-1.0
2024-08-13,17:30:00,HAMILTON,Strong Johnson,5f,2.0,2.5,2.48,0.3673686407979666,2024-08-13_17:30:00,1.0,True,2.5,-0.08157839800508349,5,-0.05438559867005566,kelly_low|ev_low|,0,False,100.0,0,0.0,11289.368309623385,11499.381672214564,210.01336259117852,0.0
2024-08-13,17:30:00,HAMILTON,Holbache,5f,4.0,5.0,5.2,0.26935647906539384,2024-08-13_17:30:00,2.0,True,5.0,0.3467823953269692,5,0.0866955988317423,,0,True,100.0,0,-100.0,11289.368309623385,11499.381672214564,210.01336259117852,-1.0
2024-08-23,17:35:00,HAMILTON,Castle Stuart,1m½f,1.0,2.2,2.18,0.39634391725344875,2024-08-23_17:35:00,1.0,True,2.2,-0.12804338204241267,6,-0.1067028183686772,kelly_low|ev_low|,0,False,100.0,1,0.0,11289.368309623385,11499.381672214564,210.01336259117852,0.0
2024-08-23,17:35:00,HAMILTON,Boston Run,1m½f,2.0,2.75,3.25,0.3916925290868441,2024-08-23_17:35:00,2.0,True,2.75,0.07715445498882123,6,0.044088259993612135,ev_low|,0,False,100.0,0,0.0,11289.368309623385,11499.381672214564,210.01336259117852,0.0
2024-08-23,18:05:00,HAMILTON,Yorkshire Lady,1m1f,4.0,2.88,3.06,0.3785824891057205,2024-08-23_18:05:00,1.0,True,2.88,0.09031756862447504,6,0.048041259906635665,ev_low|,0,False,100.0,0,0.0,11689.368309623385,11689.368309623385,0.0,0.0
2024-08-23,18:05:00,HAMILTON,Imperial Express,1m1f,1.0,5.0,5.3,0.22516484915646784,2024-08-23_18:05:00,2.0,True,5.0,0.1258242457823392,6,0.0314560614455848,,0,True,100.0,1,400.0,11689.368309623385,11689.368309623385,0.0,4.0
2024-09-04,16:35:00,HAMILTON,Larchill Lass,5f,3.0,2.88,3.08,0.27714480388673274,2024-09-04_16:35:00,1.0,True,2.88,-0.20182296480620965,5,-0.10735264085436684,kelly_low|ev_low|,0,False,100.0,0,0.0,11689.368309623385,11689.368309623385,0.0,0.0
2024-09-04,16:35:00,HAMILTON,Invincible Annice,5f,1.0,3.25,3.85,0.2617636220975717,2024-09-04_16:35:00,2.0,True,3.25,-0.14926822818289198,5,-0.066341434747952,kelly_low|ev_low|,0,False,100.0,1,0.0,11689.368309623385,11689.368309623385,0.0,0.0
2024-09-22,15:12:00,HAMILTON,Kingsley Pride,1m3f,1.0,2.38,2.46,0.3112081620066551,2024-09-22_15:12:00,1.0,True,2.38,-0.2593245744241609,6,-0.1879163582783775,kelly_low|ev_low|,0,False,100.0,1,0.0,11589.368309623385,11689.368309623385,100.0,0.0
2024-09-22,15:12:00,HAMILTON,Bay Dream Believer,1m3f,2.0,4.0,4.29,0.27616905214720977,2024-09-22_15:12:00,2.0,True,4.0,0.10467620858883908,6,0.034892069529613025,,0,True,100.0,0,-100.0,11589.368309623385,11689.368309623385,100.0,-1.0
2024-09-23,14:23:00,HAMILTON,Thecla,6f,1.0,2.1,2.35,0.41610034951640346,2024-09-23_14:23:00,2.0,True,2.1,-0.12618926601555264,4,-0.1147175145595933,kelly_low|ev_low|,0,False,100.0,1,0.0,11472.221077160697,11689.368309623385,217.1472324626884,0.0
2024-09-23,14:23:00,HAMILTON,Misty Sky,6f,2.0,2.5,2.6,0.46064898241196506,2024-09-23_14:23:00,1.0,True,2.5,0.15162245602991264,4,0.10108163735327509,,0,True,117.14723246268898,0,-117.14723246268898,11472.221077160697,11689.368309623385,217.1472324626884,-1.0
2024-09-23,14:58:00,HAMILTON,The Dragon King,5f,2.0,2.75,3.06,0.2875288737981137,2024-09-23_14:58:00,1.0,True,2.75,-0.2092955970551874,6,-0.11959748403153567,kelly_low|ev_low|,0,False,100.0,0,0.0,12131.504700184181,12131.504700184181,0.0,0.0
2024-09-23,14:58:00,HAMILTON,Call Me Harswell,5f,1.0,7.0,7.53,0.22495403942510045,2024-09-23_14:58:00,2.0,True,7.0,0.5746782759757032,6,0.0957797126626172,,0,True,109.88060383724724,1,659.2836230234834,12131.504700184181,12131.504700184181,0.0,6.0
2025-05-04,13:25:00,HAMILTON,Hurt You Never,5f,1.0,1.44,1.51,0.7349354211912644,2025-05-04_13:25:00,1.0,True,1.44,0.058307006515420756,4,0.13251592389868355,ev_low|odds_low|,0,False,100.0,1,0.0,12131.504700184181,12131.504700184181,0.0,0.0
2025-05-04,13:25:00,HAMILTON,Newyorkstateofmind,5f,2.0,3.75,4.3,0.18272431054702262,2025-05-04_13:25:00,2.0,True,3.75,-0.3147838354486652,4,-0.11446684925406006,kelly_low|ev_low|,0,False,100.0,0,0.0,12131.504700184181,12131.504700184181,0.0,0.0
2025-05-04,13:55:00,HAMILTON,Azure Zain,5f,3.0,2.63,2.76,0.33789447318193994,2025-05-04_13:55:00,1.0,True,2.63,-0.11133753553149794,5,-0.06830523652239139,kelly_low|ev_low|,0,False,100.0,0,0.0,12131.504700184181,12131.504700184181,0.0,0.0
2025-05-04,13:55:00,HAMILTON,Ay Gee Ell,5f,2.0,3.0,3.22,0.32832436400652765,2025-05-04_13:55:00,2.0,True,3.0,-0.015026907980417059,5,-0.0075134539902085296,kelly_low|ev_low|,0,False,100.0,0,0.0,12131.504700184181,12131.504700184181,0.0,0.0
2025-05-04,15:05:00,HAMILTON,Sallaal,1m½f,1.0,1.33,1.44,0.6331635262021564,2025-05-04_15:05:00,1.0,True,1.33,-0.1578925101511319,5,-0.47846215197312686,kelly_low|ev_low|odds_low|,0,False,100.0,1,0.0,12031.504700184181,12131.504700184181,100.0,0.0
2025-05-04,15:05:00,HAMILTON,Arctic Grey,1m½f,2.0,5.5,7.18,0.2436869144631719,2025-05-04_15:05:00,2.0,True,5.5,0.34027802954744546,5,0.07561733989943233,,0,True,100.0,0,-100.0,12031.504700184181,12131.504700184181,100.0,-1.0
2025-05-04,16:18:00,HAMILTON,Mister Sky Blue,6f,1.0,2.75,2.95,0.3000789657901727,2025-05-04_16:18:00,1.0,True,2.75,-0.17478284407702516,6,-0.09987591090115723,kelly_low|ev_low|,0,False,100.0,1,0.0,11931.504700184181,12131.504700184181,200.0,0.0
2025-05-04,16:18:00,HAMILTON,Tarlac,6f,2.0,4.33,5.24,0.269384114530571,2025-05-04_16:18:00,2.0,True,4.33,0.16643321591737237,6,0.04997994471993164,,0,True,100.0,0,-100.0,11931.504700184181,12131.504700184181,200.0,-1.0
2025-05-16,18:40:00,HAMILTON,Mafting,1m3f,2.0,1.36,1.37,0.6370584395401239,2025-05-16_18:40:00,1.0,True,1.36,-0.13360052222543148,4,-0.37111256173730955,kelly_low|ev_low|odds_low|,0,False,100.0,0,0.0,11931.504700184181,12131.504700184181,200.0,0.0
2025-05-16,18:40:00,HAMILTON,Talismans Time,1m3f,1.0,4.2,4.75,0.1942253428566607,2025-05-16_18:40:00,2.0,True,4.2,-0.18425356000202497,4,-0.057579237500632804,kelly_low|ev_low|,0,False,100.0,1,0.0,11931.504700184181,12131.504700184181,200.0,0.0
2025-05-16,21:00:00,HAMILTON,Ishe Worth Agamble,6f,3.0,3.0,3.3,0.3357674885681281,2025-05-16_21:00:00,1.0,True,3.0,0.007302465704384309,6,0.0036512328521921544,kelly_low|ev_low|,0,False,100.0,0,0.0,12472.540625281541,12472.540625281541,0.0,0.0
2025-05-16,21:00:00,HAMILTON,Ignac Lamar,6f,1.0,4.33,4.72,0.33567010297460725,2025-05-16_21:00:00,2.0,True,4.33,0.45345154588004943,6,0.13617163539941424,,0,True,162.47325077998778,1,541.0359250973593,12472.540625281541,12472.540625281541,0.0,3.3299999999999996
2025-05-28,14:00:00,HAMILTON,Storm Force,5f,3.0,1.57,1.6,0.416020250153541,2025-05-28_14:00:00,1.0,True,1.57,-0.34684820725894056,6,-0.608505626770071,kelly_low|ev_low|,0,False,100.0,0,0.0,12472.540625281541,12472.540625281541,0.0,0.0
2025-05-28,14:00:00,HAMILTON,Mo Of Cairo,5f,2.0,6.0,7.05,0.16067867859507323,2025-05-28_14:00:00,2.0,True,6.0,-0.03592792842956061,6,-0.007185585685912122,kelly_low|ev_low|,0,False,100.0,0,0.0,12472.540625281541,12472.540625281541,0.0,0.0
2025-05-28,17:03:00,HAMILTON,Hi Ya Mal,1m4f,1.0,4.0,4.1,0.25503481762201957,2025-05-28_17:03:00,2.0,True,4.0,0.020139270488078287,6,0.006713090162692763,kelly_low|ev_low|,0,False,100.0,1,0.0,12372.540625281541,12472.540625281541,100.0,0.0
2025-05-28,17:03:00,HAMILTON,Trojan Soldier,1m4f,2.0,4.0,4.51,0.29167327538361165,2025-05-28_17:03:00,1.0,True,4.0,0.1666931015344466,6,0.05556436717814887,,0,True,100.0,0,-100.0,12372.540625281541,12472.540625281541,100.0,-1.0
2025-06-05,14:12:00,HAMILTON,Midnight Tango,6f,1.0,1.83,1.85,0.3260761805230382,2025-06-05_14:12:00,2.0,True,1.83,-0.40328058964284,6,-0.4858802284853494,kelly_low|ev_low|,0,False,100.0,1,0.0,12272.540625281541,12472.540625281541,200.0,0.0
2025-06-05,14:12:00,HAMILTON,Blue Nguru,6f,2.0,3.13,3.51,0.3559575168891016,2025-06-05_14:12:00,1.0,True,3.13,0.114147027862888,6,0.0535901539262385,,0,True,100.0,0,-100.0,12272.540625281541,12472.540625281541,200.0,-1.0
2025-06-05,14:42:00,HAMILTON,Eternal Sunshine,5f,4.0,2.5,2.6,0.36588392118959756,2025-06-05_14:42:00,1.0,True,2.5,-0.08529019702600615,6,-0.05686013135067077,kelly_low|ev_low|,0,False,100.0,0,0.0,12172.540625281541,12472.540625281541,300.0,0.0
2025-06-05,14:42:00,HAMILTON,Stash The Cash,5f,3.0,5.0,5.23,0.2615130986116501,2025-06-05_14:42:00,2.0,True,5.0,0.30756549305825054,6,0.07689137326456263,,0,True,100.0,0,-100.0,12172.540625281541,12472.540625281541,300.0,-1.0
2025-06-05,15:42:00,HAMILTON,Fahrenheit Seven,6f,1.0,3.0,3.06,0.46911277596064005,2025-06-05_15:42:00,1.0,True,3.0,0.40733832788192015,6,0.20366916394096007,,0,True,247.9171172188463,1,495.8342344376926,12668.374859719233,12668.374859719233,0.0,2.0
2025-06-05,15:42:00,HAMILTON,Vantheman,6f,4.0,3.5,3.85,0.23155404912526556,2025-06-05_15:42:00,2.0,True,3.5,-0.18956082806157049,6,-0.0758243312246282,kelly_low|ev_low|,0,False,100.0,0,0.0,12668.374859719233,12668.374859719233,0.0,0.0
2025-06-11,19:00:00,HAMILTON,Better And Better,6f,1.0,2.38,2.5,0.2871334133691493,2025-06-11_19:00:00,2.0,True,2.38,-0.31662247618142464,6,-0.22943657694306135,kelly_low|ev_low|,0,False,100.0,1,0.0,12668.374859719233,12668.374859719233,0.0,0.0
2025-06-11,19:00:00,HAMILTON,Try Storm Cat,6f,2.0,2.63,2.94,0.3557545792226767,2025-06-11_19:00:00,1.0,True,2.63,-0.06436545664436022,6,-0.03948801021126394,kelly_low|ev_low|,0,False,100.0,0,0.0,12668.374859719233,12668.374859719233,0.0,0.0
2025-06-11,20:00:00,HAMILTON,Parisiac,5f,3.0,1.91,2.0,0.4610180320642006,2025-06-11_20:00:00,1.0,True,1.91,-0.1194555587573769,5,-0.1312698447883263,kelly_low|ev_low|,0,False,100.0,0,0.0,12565.408805209287,12668.374859719233,102.96605450994684,0.0
2025-06-11,20:00:00,HAMILTON,Winged Messenger,5f,2.0,3.5,4.0,0.34377002104516213,2025-06-11_20:00:00,2.0,True,3.5,0.20319507365806755,5,0.08127802946322701,,0,True,102.96605450994643,0,-102.96605450994643,12565.408805209287,12668.374859719233,102.96605450994684,-1.0
2025-06-15,15:45:00,HAMILTON,Big Fun,6f,2.0,1.57,1.7,0.45501584351108026,2025-06-15_15:45:00,1.0,True,1.57,-0.28562512568760395,5,-0.5010967117326385,kelly_low|ev_low|,0,False,100.0,0,0.0,13015.408805209287,13015.408805209287,0.0,0.0
2025-06-15,15:45:00,HAMILTON,Gesayed,6f,1.0,5.5,5.9,0.24422094264966338,2025-06-15_15:45:00,2.0,True,5.5,0.3432151845731486,5,0.07627004101625524,,0,True,100.0,1,450.0,13015.408805209287,13015.408805209287,0.0,4.5
2025-06-26,18:45:00,HAMILTON,Maris Angel,5f,3.0,2.1,2.05,0.4161379343062363,2025-06-26_18:45:00,1.0,True,2.1,-0.12611033795690368,6,-0.11464576177900335,kelly_low|ev_low|,0,False,100.0,0,0.0,13015.408805209287,13015.408805209287,0.0,0.0
2025-06-26,18:45:00,HAMILTON,Carlton And Co,5f,4.0,3.25,3.65,0.30326426606536316,2025-06-26_18:45:00,2.0,True,3.25,-0.014391135287569745,6,-0.006396060127808776,kelly_low|ev_low|,0,False,100.0,0,0.0,13015.408805209287,13015.408805209287,0.0,0.0
2025-06-26,20:15:00,HAMILTON,Pomme Pomme,1m3f,3.0,1.91,2.03,0.48724581620340723,2025-06-26_20:15:00,1.0,True,1.91,-0.06936049105149222,4,-0.07622031983680465,kelly_low|ev_low|,0,False,100.0,0,0.0,12907.80511105132,13015.408805209287,107.60369415796595,0.0
2025-06-26,20:15:00,HAMILTON,Cymbidium,1m3f,4.0,7.0,7.8,0.2137206395248539,2025-06-26_20:15:00,2.0,True,7.0,0.49604447667397733,4,0.08267407944566289,,0,True,107.60369415796531,0,-107.60369415796531,12907.80511105132,13015.408805209287,107.60369415796595,-1.0
2025-06-26,20:45:00,HAMILTON,City Captain,6f,1.0,1.8,1.79,0.6017711231802749,2025-06-26_20:45:00,1.0,True,1.8,0.08318802172449491,6,0.10398502715561864,ev_low|,0,False,100.0,1,0.0,12907.80511105132,13015.408805209287,107.60369415796595,0.0
2025-06-26,20:45:00,HAMILTON,Inanna,6f,2.0,4.5,5.62,0.21438465765327763,2025-06-26_20:45:00,2.0,True,4.5,-0.0352690405602506,6,-0.01007686873150017,kelly_low|ev_low|,0,False,100.0,0,0.0,12907.80511105132,13015.408805209287,107.60369415796595,0.0
2025-07-12,17:50:00,HAMILTON,Stormy Pearl,5f,1.0,2.88,2.96,0.30290582138350786,2025-07-12_17:50:00,1.0,True,2.88,-0.1276312344154974,5,-0.06788895447632841,kelly_low|ev_low|,0,False,100.0,1,0.0,12907.80511105132,13015.408805209287,107.60369415796595,0.0
2025-07-12,17:50:00,HAMILTON,Newyorkstateofmind,5f,3.0,4.0,4.8,0.27074722729503903,2025-07-12_17:50:00,2.0,True,4.0,0.08298890918015611,5,0.027662969726718705,ev_low|,0,False,100.0,0,0.0,12907.80511105132,13015.408805209287,107.60369415796595,0.0
2025-07-12,18:25:00,HAMILTON,Utmost Respect,5f,1.0,1.25,1.31,0.4454201901619428,2025-07-12_18:25:00,1.0,True,1.25,-0.4432247622975715,4,-1.772899049190286,kelly_low|ev_low|odds_low|,0,False,100.0,1,0.0,12761.302812428361,13015.408805209287,254.1059927809256,0.0
2025-07-12,18:25:00,HAMILTON,Wonderful Friend,5f,2.0,5.0,5.3,0.2907992008633771,2025-07-12_18:25:00,2.0,True,5.0,0.4539960043168856,4,0.1134990010792214,,0,True,146.50229862295933,0,-146.50229862295933,12761.302812428361,13015.408805209287,254.1059927809256,-1.0
2025-07-12,19:30:00,HAMILTON,Talismans Time,1m5f,1.0,1.62,1.65,0.7072932611718363,2025-07-12_19:30:00,1.0,True,1.62,0.14581508309837493,5,0.2351856179006047,,0,True,300.1274887157689,1,186.07904300377675,12947.381855432137,13015.408805209287,68.02694977714964,0.6200000000000001
2025-07-12,19:30:00,HAMILTON,Ancient Myth,1m5f,5.0,9.0,9.54,0.09795227582989958,2025-07-12_19:30:00,2.0,True,9.0,-0.1184295175309037,5,-0.014803689691362962,kelly_low|ev_low|,0,False,100.0,0,0.0,12947.381855432137,13015.408805209287,68.02694977714964,0.0
