Date of Race,Time,Track,Horse,Distance,Place,Industry SP,Betfair SP,Predicted_Win_Probability
2025-07-12,17:50:00,HAMILTON,Stormy Pearl,5f,1,2.88,2.96,0.39879614
2025-07-12,17:50:00,HAMILTON,Pinpoint,5f,4,3.5,4.16,0.36471677
2025-07-12,17:50:00,HAMILTON,Newyorkstateofmind,5f,3,4.0,4.8,0.30426425
2025-07-12,17:50:00,HAMILTON,Sixcor,5f,2,5.5,6.04,0.20393407
2025-07-12,17:50:00,HAMILTON,Colour Code,5f,5,26.0,26.54,0.01054611
2025-07-12,18:25:00,HAMILTON,Utmost Respect,5f,1,1.25,1.31,0.9627005
2025-07-12,18:25:00,HAMILTON,Wonderful Friend,5f,2,5.0,5.3,0.51536155
2025-07-12,18:25:00,HAMILTON,Victaz,5f,3,15.0,19.08,0.24897964
2025-07-12,18:25:00,HAMILTON,U Heat,5f,4,201.0,530.0,0.004525649
2025-07-12,19:00:00,HAMILTON,Taygar,6f,4,4.33,4.5,0.25242564
2025-07-12,19:00:00,HAMILTON,Sacred Falls,6f,5,4.5,5.3,0.6946612
2025-07-12,19:00:00,HAMILTON,Top Juggler,6f,2,5.0,5.7,0.35393938
2025-07-12,19:00:00,HAMILTON,Monsieur Kodi,6f,1,6.0,7.0,0.19198799
2025-07-12,19:00:00,HAMILTON,Infinity Blue,6f,7,7.0,7.6,0.050779115
2025-07-12,19:00:00,HAMILTON,Montezuma,6f,3,11.0,13.21,0.10305618
2025-07-12,19:00:00,HAMILTON,Catherine Chroi,6f,6,12.0,13.0,0.07544015
2025-07-12,19:30:00,HAMILTON,Talismans Time,1m5f,1,1.62,1.65,0.9016412
2025-07-12,19:30:00,HAMILTON,Spanish Hustle,1m5f,2,6.0,6.51,0.22599867
2025-07-12,19:30:00,HAMILTON,Two Auld Pals,1m5f,4,7.5,9.51,0.08719046
2025-07-12,19:30:00,HAMILTON,Ancient Myth,1m5f,5,9.0,9.54,0.10064363
2025-07-12,19:30:00,HAMILTON,Tafsir,1m5f,3,19.0,24.0,0.10010478
2025-07-12,20:00:00,HAMILTON,A War Eagle,1m½f,2,2.0,2.24,0.8042379
2025-07-12,20:00:00,HAMILTON,Rainwater,1m½f,6,6.5,7.8,0.20614165
2025-07-12,20:00:00,HAMILTON,Sir Paul Ramsey,1m½f,1,7.5,8.15,0.19534615
2025-07-12,20:00:00,HAMILTON,Makeen,1m½f,7,11.0,12.83,0.024211986
2025-07-12,20:00:00,HAMILTON,King Of Fury,1m½f,5,12.0,13.67,0.20674607
2025-07-12,20:00:00,HAMILTON,Criminal Shore,1m½f,3,12.0,15.5,0.17224376
2025-07-12,20:00:00,HAMILTON,Shine On Brendan,1m½f,4,19.0,22.53,0.01835092
2025-07-12,20:00:00,HAMILTON,Hes Got Game,1m½f,8,19.0,23.0,0.02118008
2025-07-12,20:00:00,HAMILTON,Beechdale,1m½f,9,151.0,450.0,0.00087149855
2025-07-12,20:30:00,HAMILTON,Roman Harry,1m½f,9,4.33,4.74,0.43601194
2025-07-12,20:30:00,HAMILTON,Straya,1m½f,8,5.0,5.9,0.47738177
2025-07-12,20:30:00,HAMILTON,Zebra Star,1m½f,6,6.0,6.25,0.12911537
2025-07-12,20:30:00,HAMILTON,Top Gun Tina,1m½f,7,6.5,8.2,0.24604736
2025-07-12,20:30:00,HAMILTON,Ayr Poet,1m½f,1,10.0,11.5,0.057247106
2025-07-12,20:30:00,HAMILTON,Shahnaz,1m½f,4,10.0,11.06,0.26343906
2025-07-12,20:30:00,HAMILTON,Keats House,1m½f,2,11.0,13.27,0.14151673
2025-07-12,20:30:00,HAMILTON,Epicurian Lad,1m½f,3,13.0,17.5,0.35082757
2025-07-12,20:30:00,HAMILTON,Spring Festival,1m½f,5,26.0,32.59,0.01442728
2025-07-12,21:00:00,HAMILTON,Gentle Warrior,1m3f,2,2.75,3.21,0.6024347
2025-07-12,21:00:00,HAMILTON,Redondo,1m3f,4,3.75,4.3,0.5063417
2025-07-12,21:00:00,HAMILTON,Lights Go Down,1m3f,7,5.0,5.42,0.38316274
2025-07-12,21:00:00,HAMILTON,Alnayef,1m3f,3,12.0,15.36,0.1475199
2025-07-12,21:00:00,HAMILTON,The Lost Canvas,1m3f,5,13.0,16.0,0.13422355
2025-07-12,21:00:00,HAMILTON,Cougar,1m3f,6,15.0,19.93,0.051126055
2025-07-12,21:00:00,HAMILTON,Krissy,1m3f,PU,17.0,19.5,0.027109863
2025-07-12,21:00:00,HAMILTON,Me And Bobby McGee,1m3f,1,26.0,34.0,0.04201633
2025-06-26,17:45:00,HAMILTON,V Twelve,1m5f,1,2.2,2.24,0.40556338
2025-06-26,17:45:00,HAMILTON,Billy No Mates,1m5f,2,5.0,6.0,0.25871402
2025-06-26,17:45:00,HAMILTON,Krissy,1m5f,5,5.5,6.07,0.2580269
2025-06-26,17:45:00,HAMILTON,Ebony Maw,1m5f,3,6.5,7.84,0.17411007
2025-06-26,17:45:00,HAMILTON,Crystal Guard,1m5f,4,12.0,17.5,0.199315
2025-06-26,17:45:00,HAMILTON,Fanaigi Linn,1m5f,6,21.0,30.0,0.010515289
2025-06-26,17:45:00,HAMILTON,Freewheelin,1m5f,7,81.0,133.68,0.0028580625
2025-06-26,18:15:00,HAMILTON,Wor Faayth,5f,1,1.73,1.79,0.9223797
2025-06-26,18:15:00,HAMILTON,Regal Dream,5f,3,6.0,8.41,0.41649008
2025-06-26,18:15:00,HAMILTON,Believe In Glory,5f,2,7.0,8.4,0.17152411
2025-06-26,18:15:00,HAMILTON,Goldie Bear,5f,5,11.0,14.23,0.19672677
2025-06-26,18:15:00,HAMILTON,Victaz,5f,4,12.0,15.68,0.3487452
2025-06-26,18:15:00,HAMILTON,Thehunnebelllegacy,5f,6,17.0,21.78,0.25620195
2025-06-26,18:15:00,HAMILTON,Washington Times,5f,7,29.0,40.27,0.032646332
2025-06-26,18:15:00,HAMILTON,Resdev Kisses,5f,8,29.0,42.0,0.061189666
2025-06-26,18:45:00,HAMILTON,Maris Angel,5f,3,2.1,2.05,0.84399194
2025-06-26,18:45:00,HAMILTON,Carlton And Co,5f,4,3.25,3.65,0.4114211
2025-06-26,18:45:00,HAMILTON,Kyber Crystal,5f,2,7.5,9.4,0.17056979
2025-06-26,18:45:00,HAMILTON,Jack Of Clubs,5f,5,8.0,9.8,0.10179542
2025-06-26,18:45:00,HAMILTON,Pinpoint,5f,1,15.0,20.0,0.065721445
2025-06-26,18:45:00,HAMILTON,Hard Nut,5f,6,101.0,170.0,0.0061654113
2025-06-26,19:15:00,HAMILTON,Vantheman,5f,2,3.5,3.87,0.5531257
2025-06-26,19:15:00,HAMILTON,Kodiac Thriller,5f,3,4.33,4.5,0.3195384
2025-06-26,19:15:00,HAMILTON,Brummell,5f,8,6.0,7.6,0.30102423
2025-06-26,19:15:00,HAMILTON,Imperial Guard,5f,6,6.0,7.61,0.2290559
2025-06-26,19:15:00,HAMILTON,Brooklyn Nine Nine,5f,1,7.5,8.79,0.14975157
2025-06-26,19:15:00,HAMILTON,Kalik,5f,5,13.0,16.18,0.12292638
2025-06-26,19:15:00,HAMILTON,Classy Al,5f,4,15.0,19.31,0.043672387
2025-06-26,19:15:00,HAMILTON,Vince LAmour,5f,7,23.0,26.99,0.010670008
2025-06-26,19:45:00,HAMILTON,Danger Bay,1m1f,1,2.0,2.02,0.7179384
2025-06-26,19:45:00,HAMILTON,Eternal Force,1m1f,2,3.25,3.54,0.2798091
2025-06-26,19:45:00,HAMILTON,Spy Kingdom,1m1f,3,5.5,8.36,0.25273156
2025-06-26,19:45:00,HAMILTON,Tiernan,1m1f,4,11.0,17.96,0.03564931
2025-06-26,19:45:00,HAMILTON,Montezuma,1m1f,7,15.0,18.89,0.033480283
2025-06-26,19:45:00,HAMILTON,Action Pact,1m1f,8,67.0,304.1,0.057704534
2025-06-26,19:45:00,HAMILTON,Lovette,1m1f,5,67.0,210.0,0.0048706336
2025-06-26,19:45:00,HAMILTON,Liberty Flame,1m1f,10,201.0,840.0,0.00552597
2025-06-26,19:45:00,HAMILTON,Capla Daviekins,1m1f,11,251.0,1000.0,0.0015502278
2025-06-26,19:45:00,HAMILTON,Summerstorms Dream,1m1f,9,251.0,1000.0,0.0047510224
2025-06-26,19:45:00,HAMILTON,Storm On Jura,1m1f,6,251.0,1000.0,0.0061746044
2025-06-26,20:15:00,HAMILTON,Pomme Pomme,1m3f,3,1.91,2.03,0.7815036
2025-06-26,20:15:00,HAMILTON,Word Of Mouth,1m3f,2,3.25,3.45,0.40578774
2025-06-26,20:15:00,HAMILTON,Cymbidium,1m3f,4,7.0,7.8,0.16883115
2025-06-26,20:15:00,HAMILTON,Neoma,1m3f,1,9.5,10.74,0.31178793
2025-06-26,20:45:00,HAMILTON,City Captain,6f,1,1.8,1.79,0.85531354
2025-06-26,20:45:00,HAMILTON,Inanna,6f,2,4.5,5.62,0.29811794
2025-06-26,20:45:00,HAMILTON,Ramon Di Loria,6f,5,6.5,7.58,0.29545537
2025-06-26,20:45:00,HAMILTON,Roach Power,6f,3,12.0,13.61,0.10424148
2025-06-26,20:45:00,HAMILTON,Jump The Gun,6f,6,15.0,19.5,0.030654043
2025-06-26,20:45:00,HAMILTON,Moyola,6f,4,29.0,48.0,0.009038994
2025-06-18,14:15:00,HAMILTON,Gemini Man,1m1f,1,2.5,2.5,0.70029306
2025-06-18,14:15:00,HAMILTON,Hot Team,1m1f,8,5.0,5.57,0.3241319
2025-06-18,14:15:00,HAMILTON,Jumeira Vision,1m1f,7,7.0,8.8,0.16657741
2025-06-18,14:15:00,HAMILTON,Rampant,1m1f,6,8.0,10.5,0.21556441
2025-06-18,14:15:00,HAMILTON,Zumaaty,1m1f,2,10.0,12.8,0.024084192
2025-06-18,14:15:00,HAMILTON,Zebra Star,1m1f,3,12.0,14.12,0.021419877
2025-06-18,14:15:00,HAMILTON,Millbuie,1m1f,4,26.0,34.0,0.029429931
2025-06-18,14:15:00,HAMILTON,On The Bubble,1m1f,5,26.0,28.18,0.013575807
2025-06-18,14:50:00,HAMILTON,Alasrae,5f,7,2.88,3.25,0.6992272
2025-06-18,14:50:00,HAMILTON,Campenaerts,5f,4,3.25,3.74,0.56861264
2025-06-18,14:50:00,HAMILTON,Baggot Street,5f,5,6.0,6.8,0.14860056
2025-06-18,14:50:00,HAMILTON,Awaafi,5f,1,7.0,7.4,0.49145558
2025-06-18,14:50:00,HAMILTON,Aspiral,5f,2,15.0,19.08,0.38230178
2025-06-18,14:50:00,HAMILTON,Havin A Flyer,5f,6,15.0,18.92,0.14852124
2025-06-18,14:50:00,HAMILTON,Veiled Truth,5f,3,26.0,32.0,0.10537778
2025-06-18,15:23:00,HAMILTON,Canons House,5f,1,2.2,2.34,0.757356
2025-06-18,15:23:00,HAMILTON,Bona Fortuna,5f,3,3.25,3.53,0.3834609
2025-06-18,15:23:00,HAMILTON,Woohoo,5f,2,6.0,7.8,0.41424823
2025-06-18,15:23:00,HAMILTON,Hurt You Never,5f,5,13.0,19.5,0.1445571
2025-06-18,15:23:00,HAMILTON,Pop Star,5f,4,15.0,21.0,0.039871793
2025-06-18,15:23:00,HAMILTON,Never Dark,5f,7,21.0,30.0,0.011238858
2025-06-18,15:23:00,HAMILTON,Zaphea,5f,6,41.0,80.0,0.02004791
2025-06-18,16:00:00,HAMILTON,Havana Rum,6f,2,2.75,3.15,0.7471815
2025-06-18,16:00:00,HAMILTON,Iris Dancer,6f,1,3.5,3.78,0.3602345
2025-06-18,16:00:00,HAMILTON,Inanna,6f,3,5.0,5.56,0.18934391
2025-06-18,16:00:00,HAMILTON,Belsito,6f,4,8.5,9.27,0.16066675
2025-06-18,16:00:00,HAMILTON,Gemini Star,6f,7,11.0,13.35,0.050782356
2025-06-18,16:00:00,HAMILTON,Dazy Mazy,6f,5,23.0,25.35,0.025247898
2025-06-18,16:00:00,HAMILTON,Deputy,6f,6,41.0,85.56,0.021193124
2025-06-18,16:40:00,HAMILTON,Blufferonthebus,1m½f,2,3.25,3.69,0.5517646
2025-06-18,16:40:00,HAMILTON,Sands Of Indi,1m½f,9,5.5,6.6,0.58559716
2025-06-18,16:40:00,HAMILTON,Pacifist,1m½f,8,6.0,6.4,0.19902447
2025-06-18,16:40:00,HAMILTON,Coma Cluster,1m½f,5,6.5,6.69,0.25940752
2025-06-18,16:40:00,HAMILTON,Hostelry,1m½f,1,8.5,11.0,0.083955035
2025-06-18,16:40:00,HAMILTON,Sea Regal,1m½f,3,9.0,9.84,0.54521054
2025-06-18,16:40:00,HAMILTON,Kubey,1m½f,4,13.0,16.5,0.08033781
2025-06-18,16:40:00,HAMILTON,Bun Bang Fai,1m½f,6,34.0,48.0,0.022168104
2025-06-18,16:40:00,HAMILTON,Samra Star,1m½f,7,126.0,220.66,0.0018427199
2025-06-18,17:20:00,HAMILTON,Lever Up,1m½f,2,4.5,5.2,0.45472783
2025-06-18,17:20:00,HAMILTON,Balayaged,1m½f,4,26.0,28.31,0.035614707
2025-06-18,17:20:00,HAMILTON,Native Honey,1m½f,6,5.0,5.8,0.47427884
2025-06-18,17:20:00,HAMILTON,Cymbidium,1m½f,7,6.0,6.84,0.35425395
2025-06-18,17:20:00,HAMILTON,Obito,1m½f,1,6.0,8.0,0.2705713
2025-06-18,17:20:00,HAMILTON,Seed Investor,1m½f,8,9.0,11.76,0.4165285
2025-06-18,17:20:00,HAMILTON,Runninsonofagun,1m½f,10,9.0,11.0,0.031082144
2025-06-18,17:20:00,HAMILTON,Say What You See,1m½f,3,13.0,15.5,0.13545072
2025-06-18,17:20:00,HAMILTON,Lightning Galaxy,1m½f,5,15.0,17.55,0.07411902
2025-06-18,17:20:00,HAMILTON,Urban Sky,1m½f,9,21.0,26.0,0.020721868
2025-06-18,17:55:00,HAMILTON,Paper Doll,1m3f,3,3.0,3.35,0.7301987
2025-06-18,17:55:00,HAMILTON,Toronto Raptor,1m3f,10,29.0,38.0,0.023779498
2025-06-18,17:55:00,HAMILTON,Desert Of The Sea,1m3f,11,7.0,7.2,0.084735855
2025-06-18,17:55:00,HAMILTON,Ana Emaraaty,1m3f,7,7.5,9.4,0.17075518
2025-06-18,17:55:00,HAMILTON,Ravenscraig Castle,1m3f,2,8.5,11.36,0.07082791
2025-06-18,17:55:00,HAMILTON,Redondo,1m3f,1,9.0,11.5,0.37011945
2025-06-18,17:55:00,HAMILTON,Kalikapour,1m3f,9,11.0,15.0,0.0979015
2025-06-18,17:55:00,HAMILTON,Naturalia,1m3f,4,13.0,20.0,0.061545815
2025-06-18,17:55:00,HAMILTON,Straya,1m3f,8,15.0,21.0,0.025376046
2025-06-18,17:55:00,HAMILTON,Jaminoz,1m3f,5,19.0,25.15,0.013165085
2025-06-18,17:55:00,HAMILTON,Ayr Poet,1m3f,6,19.0,27.08,0.048874013
2025-06-15,15:45:00,HAMILTON,Big Fun,6f,2,1.57,1.7,0.8523357
2025-06-15,15:45:00,HAMILTON,Vincenzo Peruggia,6f,3,5.5,5.6,0.4677138
2025-06-15,15:45:00,HAMILTON,Gesayed,6f,1,5.5,5.9,0.6364086
2025-06-15,15:45:00,HAMILTON,Masai Angel,6f,5,13.0,16.88,0.37571344
2025-06-15,15:45:00,HAMILTON,Daizen,6f,4,34.0,43.18,0.0034127901
2025-06-15,16:15:00,HAMILTON,U Sure Do,6f,4,4.33,5.06,0.32434314
2025-06-15,16:15:00,HAMILTON,Alpha Magic,6f,1,21.0,30.0,0.05197764
2025-06-15,16:15:00,HAMILTON,Native Honey,6f,9,23.0,38.2,0.070910074
2025-06-15,16:15:00,HAMILTON,Fuji Mountain,6f,7,34.0,49.04,0.0044619213
2025-06-15,16:15:00,HAMILTON,Beechdale,6f,14,51.0,112.2,0.0022917117
2025-06-15,16:15:00,HAMILTON,Lord Roxby,6f,3,4.5,5.77,0.15950397
2025-06-15,16:15:00,HAMILTON,Cabelleroso,6f,12,9.0,10.0,0.055499952
2025-06-15,16:15:00,HAMILTON,Veydari,6f,8,9.0,11.21,0.14608161
2025-06-15,16:15:00,HAMILTON,Far Above The Law,6f,10,9.0,10.5,0.0068226135
2025-06-15,16:15:00,HAMILTON,Tarlac,6f,5,12.0,14.67,0.11695902
2025-06-15,16:15:00,HAMILTON,Lesleys Boy,6f,11,15.0,16.36,0.03786291
2025-06-15,16:15:00,HAMILTON,Educating Rita,6f,6,17.0,22.0,0.014012972
2025-06-15,16:15:00,HAMILTON,Station X,6f,2,17.0,20.59,0.02463265
2025-06-15,16:15:00,HAMILTON,Glorious Kitty,6f,13,17.0,20.51,0.027282164
2025-06-15,16:45:00,HAMILTON,Kings Scholar,1m5f,6,3.0,3.4,0.8132612
2025-06-15,16:45:00,HAMILTON,Alnayef,1m5f,8,34.0,43.02,0.010767412
2025-06-15,16:45:00,HAMILTON,Tafsir,1m5f,11,51.0,100.22,0.0076183397
2025-06-15,16:45:00,HAMILTON,Sam Hawkens,1m5f,1,4.0,4.2,0.48615846
2025-06-15,16:45:00,HAMILTON,Savrola,1m5f,2,7.0,7.6,0.2763011
2025-06-15,16:45:00,HAMILTON,Minstrel Knight,1m5f,4,7.5,9.46,0.04521231
2025-06-15,16:45:00,HAMILTON,Steel Tiger,1m5f,10,10.0,11.71,0.036480054
2025-06-15,16:45:00,HAMILTON,Per Contra,1m5f,3,19.0,27.79,0.040781435
2025-06-15,16:45:00,HAMILTON,Letsbefrank,1m5f,7,23.0,31.9,0.030032728
2025-06-15,16:45:00,HAMILTON,Forza Orta,1m5f,9,26.0,38.53,0.005292701
2025-06-15,16:45:00,HAMILTON,Destinado,1m5f,5,26.0,39.15,0.005920404
2025-06-15,17:15:00,HAMILTON,Blue Day,5f,5,3.75,4.5,0.78848624
2025-06-15,17:15:00,HAMILTON,Zarzyni,5f,7,19.0,28.0,0.04685022
2025-06-15,17:15:00,HAMILTON,Albegone,5f,3,21.0,28.0,0.015112379
2025-06-15,17:15:00,HAMILTON,Never Dark,5f,12,26.0,30.92,0.0076006744
2025-06-15,17:15:00,HAMILTON,Bergerac,5f,1,6.5,7.2,0.029017165
2025-06-15,17:15:00,HAMILTON,Trilby,5f,4,7.0,8.0,0.00839624
2025-06-15,17:15:00,HAMILTON,Oriental Prince,5f,11,8.0,9.0,0.0400212
2025-06-15,17:15:00,HAMILTON,Marching Mac,5f,10,10.0,12.23,0.45203817
2025-06-15,17:15:00,HAMILTON,Curious Rover,5f,9,11.0,15.15,0.27585447
2025-06-15,17:15:00,HAMILTON,Reigning Profit,5f,8,13.0,17.96,0.038725846
2025-06-15,17:15:00,HAMILTON,Manila Scouse,5f,6,15.0,20.44,0.008455728
2025-06-15,17:15:00,HAMILTON,Brooklyn Nine Nine,5f,2,17.0,22.0,0.015654065
2025-06-15,17:45:00,HAMILTON,Zapphire,1m1f,4,4.0,4.5,0.44494185
2025-06-15,17:45:00,HAMILTON,Epidavros,1m1f,2,4.33,5.0,0.28523353
2025-06-15,17:45:00,HAMILTON,Lunar Eclipse,1m1f,3,5.0,5.25,0.13497663
2025-06-15,17:45:00,HAMILTON,Roarin Success,1m1f,1,5.5,6.2,0.07534604
2025-06-15,17:45:00,HAMILTON,Surprised,1m1f,8,8.0,9.03,0.12708034
2025-06-15,17:45:00,HAMILTON,Penelopes Sister,1m1f,5,15.0,17.49,0.062034436
2025-06-15,17:45:00,HAMILTON,Typical Woman,1m1f,7,15.0,19.5,0.14360937
2025-06-15,17:45:00,HAMILTON,Hackney Diamonds,1m1f,6,41.0,60.0,0.020176794
2025-06-15,18:15:00,HAMILTON,Sir Garfield,6f,2,5.0,6.4,0.19544837
2025-06-15,18:15:00,HAMILTON,Hour By Hour,6f,5,17.0,26.86,0.011058437
2025-06-15,18:15:00,HAMILTON,Hectic,6f,9,17.0,21.45,0.031669762
2025-06-15,18:15:00,HAMILTON,Mr Wagyu,6f,10,34.0,52.72,0.003795018
2025-06-15,18:15:00,HAMILTON,Sweet Thing,6f,14,34.0,46.0,0.00774859
2025-06-15,18:15:00,HAMILTON,Mersea,6f,13,67.0,88.35,0.0024353722
2025-06-15,18:15:00,HAMILTON,Brazilian Rose,6f,12,7.0,8.6,0.2016435
2025-06-15,18:15:00,HAMILTON,Rock Melody,6f,11,7.5,11.38,0.2937337
2025-06-15,18:15:00,HAMILTON,Abduction,6f,1,7.5,9.92,0.22590853
2025-06-15,18:15:00,HAMILTON,Sacred Falls,6f,6,8.0,9.61,0.13457628
2025-06-15,18:15:00,HAMILTON,Rock Opera,6f,4,9.0,11.85,0.010618653
2025-06-15,18:15:00,HAMILTON,Cargin Bhui,6f,7,11.0,12.0,0.55757093
2025-06-15,18:15:00,HAMILTON,Monsieur Kodi,6f,3,11.0,14.69,0.19867113
2025-06-15,18:15:00,HAMILTON,Only Spoofing,6f,8,15.0,20.63,0.02637894
2025-06-15,18:45:00,HAMILTON,Gallant Lion,1m3f,7,5.0,5.6,0.30646935
2025-06-15,18:45:00,HAMILTON,Clansman,1m3f,11,19.0,24.89,0.052581906
2025-06-15,18:45:00,HAMILTON,Glasses Up,1m3f,8,23.0,36.0,0.0026885045
2025-06-15,18:45:00,HAMILTON,Cascade Hall,1m3f,10,34.0,60.0,0.038461007
2025-06-15,18:45:00,HAMILTON,Dandys Angel,1m3f,13,51.0,110.0,0.0017347661
2025-06-15,18:45:00,HAMILTON,Cougar,1m3f,9,81.0,122.46,0.004685837
2025-06-15,18:45:00,HAMILTON,Whathappensinvegas,1m3f,4,5.5,6.52,0.1700895
2025-06-15,18:45:00,HAMILTON,Golspie,1m3f,2,5.5,7.41,0.36660597
2025-06-15,18:45:00,HAMILTON,Spanish Hustle,1m3f,1,7.5,9.79,0.2956501
2025-06-15,18:45:00,HAMILTON,Terrorise,1m3f,5,7.5,9.62,0.09552262
2025-06-15,18:45:00,HAMILTON,King Chaos,1m3f,6,11.0,14.45,0.12701921
2025-06-15,18:45:00,HAMILTON,Izzari,1m3f,3,12.0,14.79,0.01921633
2025-06-15,18:45:00,HAMILTON,Idyllic,1m3f,12,13.0,15.65,0.16265175
2025-06-15,18:45:00,HAMILTON,High Court Judge,1m3f,14,17.0,20.0,0.021574682
2025-06-11,18:30:00,HAMILTON,Coconut Bay,6f,3,2.5,2.72,0.2293004
2025-06-11,18:30:00,HAMILTON,Ignac Lamar,6f,5,3.75,4.23,0.5253842
2025-06-11,18:30:00,HAMILTON,The Cola Brasil,6f,2,6.0,7.47,0.10483618
2025-06-11,18:30:00,HAMILTON,Superior Council,6f,1,7.0,6.99,0.28849137
2025-06-11,18:30:00,HAMILTON,Angel Of The Bay,6f,6,11.0,14.77,0.1943996
2025-06-11,18:30:00,HAMILTON,Newyorkstateofmind,6f,7,19.0,24.5,0.015021365
2025-06-11,18:30:00,HAMILTON,Bernie The Bear,6f,4,51.0,69.92,0.0063436213
2025-06-11,19:00:00,HAMILTON,Better And Better,6f,1,2.38,2.5,0.7141444
2025-06-11,19:00:00,HAMILTON,Try Storm Cat,6f,2,2.63,2.94,0.73540634
2025-06-11,19:00:00,HAMILTON,Welbury,6f,3,6.0,7.76,0.41614732
2025-06-11,19:00:00,HAMILTON,Let Me Show You,6f,6,11.0,11.29,0.13599162
2025-06-11,19:00:00,HAMILTON,Snaafy,6f,4,26.0,28.0,0.085457295
2025-06-11,19:00:00,HAMILTON,Muddy Nora,6f,5,81.0,133.48,0.0072250403
2025-06-11,19:30:00,HAMILTON,Valiancy,1m3f,1,1.14,1.15,0.9015949
2025-06-11,19:30:00,HAMILTON,Elsass,1m3f,2,6.0,11.08,0.2662527
2025-06-11,19:30:00,HAMILTON,Canavan,1m3f,4,19.0,50.0,0.017492045
2025-06-11,19:30:00,HAMILTON,Dino Bellagio,1m3f,3,26.0,60.0,0.010354256
2025-06-11,19:30:00,HAMILTON,Angelardo,1m3f,7,41.0,98.32,0.0052611167
2025-06-11,19:30:00,HAMILTON,Uncle Liam,1m3f,6,151.0,524.71,0.0021229591
2025-06-11,19:30:00,HAMILTON,Orient Lad,1m3f,5,251.0,1000.0,0.0016933252
2025-06-11,20:00:00,HAMILTON,Parisiac,5f,3,1.91,2.0,0.5018444
2025-06-11,20:00:00,HAMILTON,Winged Messenger,5f,2,3.5,4.0,0.5541344
2025-06-11,20:00:00,HAMILTON,Classy Al,5f,1,7.0,8.15,0.10757395
2025-06-11,20:00:00,HAMILTON,Lady Celia,5f,4,11.0,12.1,0.024874024
2025-06-11,20:00:00,HAMILTON,Ganesha,5f,5,15.0,18.24,0.05827949
2025-06-11,20:30:00,HAMILTON,Iris Dancer,6f,1,3.25,3.81,0.30633184
2025-06-11,20:30:00,HAMILTON,Flowstate,6f,3,4.33,5.19,0.57218045
2025-06-11,20:30:00,HAMILTON,The Gay Blade,6f,5,5.0,5.2,0.39085957
2025-06-11,20:30:00,HAMILTON,Havana Rum,6f,2,7.5,7.8,0.28612462
2025-06-11,20:30:00,HAMILTON,Travis,6f,7,9.5,12.5,0.11706902
2025-06-11,20:30:00,HAMILTON,Moyola,6f,6,11.0,13.0,0.31939322
2025-06-11,20:30:00,HAMILTON,Vince Lombardi,6f,4,12.0,12.56,0.043466907
2025-06-11,21:00:00,HAMILTON,French Haven,1m½f,3,2.8,3.26,0.5179152
2025-06-11,21:00:00,HAMILTON,Zebra Star,1m½f,7,41.0,54.97,0.015213897
2025-06-11,21:00:00,HAMILTON,Madame Plaintiff,1m½f,11,41.0,73.22,0.014569607
2025-06-11,21:00:00,HAMILTON,Transfuse,1m½f,10,51.0,87.05,0.00491355
2025-06-11,21:00:00,HAMILTON,Gaelic Gladiator,1m½f,13,67.0,138.74,0.0042695925
2025-06-11,21:00:00,HAMILTON,Bellasio,1m½f,2,6.0,7.0,0.24143639
2025-06-11,21:00:00,HAMILTON,Rainwater,1m½f,1,6.5,8.22,0.24854681
2025-06-11,21:00:00,HAMILTON,Shahnaz,1m½f,4,7.0,9.07,0.09015989
2025-06-11,21:00:00,HAMILTON,Ayr Poet,1m½f,8,7.5,10.41,0.32314226
2025-06-11,21:00:00,HAMILTON,Keats House,1m½f,6,7.5,8.6,0.12147789
2025-06-11,21:00:00,HAMILTON,Crownthorpe,1m½f,5,26.0,34.0,0.0045658993
2025-06-11,21:00:00,HAMILTON,Cisco Disco,1m½f,9,34.0,46.64,0.0051176706
2025-06-11,21:00:00,HAMILTON,Falaise Blanc,1m½f,12,34.0,62.57,0.008866891
2025-06-05,14:12:00,HAMILTON,Midnight Tango,6f,1,1.83,1.85,0.75267434
2025-06-05,14:12:00,HAMILTON,Blue Nguru,6f,2,3.13,3.51,0.5812494
2025-06-05,14:12:00,HAMILTON,Impalaka,6f,6,9.0,7.87,0.24983363
2025-06-05,14:12:00,HAMILTON,Alex Supreme,6f,3,19.0,23.34,0.091313474
2025-06-05,14:12:00,HAMILTON,March Ahead,6f,4,21.0,27.48,0.12173109
2025-06-05,14:12:00,HAMILTON,Indigo Sierra,6f,5,41.0,63.81,0.025821673
2025-06-05,14:42:00,HAMILTON,Eternal Sunshine,5f,4,2.5,2.6,0.73348117
2025-06-05,14:42:00,HAMILTON,Hurt You Never,5f,1,5.0,5.54,0.5270565
2025-06-05,14:42:00,HAMILTON,Stash The Cash,5f,3,5.0,5.23,0.36886463
2025-06-05,14:42:00,HAMILTON,Parisiac,5f,2,8.0,9.27,0.32540107
2025-06-05,14:42:00,HAMILTON,Betweenthesticks,5f,6,9.5,10.73,0.2922876
2025-06-05,14:42:00,HAMILTON,Willingly,5f,5,12.0,14.38,0.1659088
2025-06-05,15:12:00,HAMILTON,Dreams Adozen,1m5f,3,2.88,3.17,0.69602555
2025-06-05,15:12:00,HAMILTON,Sea Legend,1m5f,8,5.5,6.4,0.4621887
2025-06-05,15:12:00,HAMILTON,Two Auld Pals,1m5f,1,6.0,7.99,0.21998535
2025-06-05,15:12:00,HAMILTON,Haptics,1m5f,2,7.0,8.33,0.097136594
2025-06-05,15:12:00,HAMILTON,Tokyo Bay,1m5f,7,10.0,13.12,0.2446238
2025-06-05,15:12:00,HAMILTON,Spanish Hustle,1m5f,4,10.0,10.72,0.22271378
2025-06-05,15:12:00,HAMILTON,Ebony Maw,1m5f,5,12.0,11.62,0.29685593
2025-06-05,15:12:00,HAMILTON,Model Approach,1m5f,6,29.0,30.52,0.014783059
2025-06-05,15:42:00,HAMILTON,Fahrenheit Seven,6f,1,3.0,3.06,0.37336487
2025-06-05,15:42:00,HAMILTON,Vantheman,6f,4,3.5,3.85,0.29753637
2025-06-05,15:42:00,HAMILTON,Korker,6f,3,4.5,5.02,0.17557545
2025-06-05,15:42:00,HAMILTON,Tropical Island,6f,6,7.5,8.6,0.14461742
2025-06-05,15:42:00,HAMILTON,Commanche Falls,6f,2,8.0,8.88,0.16047493
2025-06-05,15:42:00,HAMILTON,Count DOrsay,6f,5,34.0,93.11,0.0069537982
2025-06-05,16:12:00,HAMILTON,Bubbles Wonky,1m1f,1,4.33,5.34,0.31227958
2025-06-05,16:12:00,HAMILTON,Beltane,1m1f,9,29.0,45.63,0.023727288
2025-06-05,16:12:00,HAMILTON,Shine On Brendan,1m1f,12,34.0,72.77,0.050027266
2025-06-05,16:12:00,HAMILTON,Indalo,1m1f,2,4.5,5.58,0.277676
2025-06-05,16:12:00,HAMILTON,Pisanello,1m1f,6,7.5,9.6,0.040178724
2025-06-05,16:12:00,HAMILTON,Epidavros,1m1f,3,8.0,8.97,0.025463717
2025-06-05,16:12:00,HAMILTON,Good Heavens,1m1f,8,8.5,9.72,0.059208985
2025-06-05,16:12:00,HAMILTON,Yermanthere,1m1f,4,9.5,11.88,0.11243716
2025-06-05,16:12:00,HAMILTON,Hale End,1m1f,10,11.0,13.52,0.03789351
2025-06-05,16:12:00,HAMILTON,Detective,1m1f,11,17.0,22.62,0.03680836
2025-06-05,16:12:00,HAMILTON,King Chaos,1m1f,5,19.0,24.17,0.059857026
2025-06-05,16:12:00,HAMILTON,Mister Daydream,1m1f,7,19.0,25.77,0.016869435
2025-06-05,16:43:00,HAMILTON,Sir Garfield,6f,1,3.0,3.6,0.55004793
2025-06-05,16:43:00,HAMILTON,Northfield Lake,6f,9,29.0,42.44,0.031881608
2025-06-05,16:43:00,HAMILTON,Deputy,6f,11,34.0,74.03,0.012757926
2025-06-05,16:43:00,HAMILTON,Jannas Journey,6f,8,81.0,180.0,0.020610947
2025-06-05,16:43:00,HAMILTON,Inanna,6f,3,4.33,5.2,0.1853713
2025-06-05,16:43:00,HAMILTON,Moyola,6f,7,7.0,8.36,0.3727459
2025-06-05,16:43:00,HAMILTON,Iris Dancer,6f,4,9.0,11.2,0.18825567
2025-06-05,16:43:00,HAMILTON,Ramon Di Loria,6f,5,9.0,11.0,0.13453111
2025-06-05,16:43:00,HAMILTON,Jump The Gun,6f,6,10.0,14.59,0.0101290345
2025-06-05,16:43:00,HAMILTON,Taygar,6f,2,15.0,21.92,0.048035137
2025-06-05,16:43:00,HAMILTON,Glendown,6f,10,15.0,20.67,0.040802903
2025-06-05,16:43:00,HAMILTON,Dwindling Funds,6f,12,26.0,38.0,0.14546466
2025-06-05,17:17:00,HAMILTON,Arch Legend,1m4f,13,3.75,4.01,0.53134155
2025-06-05,17:17:00,HAMILTON,Fanaigi Linn,1m4f,4,23.0,32.49,0.010746557
2025-06-05,17:17:00,HAMILTON,Sugarpiehoneybunch,1m4f,1,29.0,46.0,0.020302536
2025-06-05,17:17:00,HAMILTON,Propagation,1m4f,12,41.0,110.53,0.0070459847
2025-06-05,17:17:00,HAMILTON,Aighear,1m4f,11,4.33,5.3,0.4331498
2025-06-05,17:17:00,HAMILTON,Straya,1m4f,6,8.5,10.4,0.050654788
2025-06-05,17:17:00,HAMILTON,Sassy Glory,1m4f,8,9.5,11.5,0.16096053
2025-06-05,17:17:00,HAMILTON,Lady Phoebe,1m4f,5,11.0,14.0,0.14345755
2025-06-05,17:17:00,HAMILTON,Crystal Guard,1m4f,2,11.0,13.71,0.01616228
2025-06-05,17:17:00,HAMILTON,Pacos Pride,1m4f,3,12.0,17.66,0.019580731
2025-06-05,17:17:00,HAMILTON,Krissy,1m4f,7,12.0,14.02,0.03859018
2025-06-05,17:17:00,HAMILTON,Angelica Catalani,1m4f,9,21.0,34.45,0.010834387
2025-06-05,17:17:00,HAMILTON,Millbuie,1m4f,10,21.0,33.06,0.04393159
2025-05-28,14:00:00,HAMILTON,Storm Force,5f,3,1.57,1.6,0.90861166
2025-05-28,14:00:00,HAMILTON,Mo Of Cairo,5f,2,6.0,7.05,0.28452668
2025-05-28,14:00:00,HAMILTON,Azizam,5f,1,10.0,12.67,0.44244078
2025-05-28,14:00:00,HAMILTON,Kodigara,5f,5,13.0,15.95,0.12801805
2025-05-28,14:00:00,HAMILTON,Victor Cee,5f,6,13.0,19.0,0.2166337
2025-05-28,14:00:00,HAMILTON,GEmmethegreenlite,5f,4,15.0,17.5,0.36938134
2025-05-28,14:30:00,HAMILTON,A War Eagle,1m½f,2,2.8,3.17,0.6124357
2025-05-28,14:30:00,HAMILTON,Say What You See,1m½f,5,34.0,56.68,0.011760512
2025-05-28,14:30:00,HAMILTON,Top Bins,1m½f,10,34.0,70.0,0.02824862
2025-05-28,14:30:00,HAMILTON,Moutai,1m½f,3,2.88,3.07,0.7461552
2025-05-28,14:30:00,HAMILTON,Impartiality,1m½f,1,8.0,9.83,0.19096553
2025-05-28,14:30:00,HAMILTON,Obito,1m½f,7,8.5,10.49,0.39786026
2025-05-28,14:30:00,HAMILTON,Springbok,1m½f,9,12.0,14.41,0.163257
2025-05-28,14:30:00,HAMILTON,Sands Of Indi,1m½f,8,23.0,36.54,0.02265924
2025-05-28,14:30:00,HAMILTON,Balayaged,1m½f,6,29.0,42.94,0.0056851464
2025-05-28,14:30:00,HAMILTON,Unforgetable Belle,1m½f,11,29.0,48.78,0.0064964294
2025-05-28,14:30:00,HAMILTON,Sure And Stedfast,1m½f,4,29.0,49.3,0.007235414
2025-05-28,15:00:00,HAMILTON,Swift Salian,1m½f,1,3.25,3.62,0.5063407
2025-05-28,15:00:00,HAMILTON,Arkenstaar,1m½f,4,3.5,3.87,0.28324485
2025-05-28,15:00:00,HAMILTON,Ayr Poet,1m½f,3,6.0,7.36,0.4212398
2025-05-28,15:00:00,HAMILTON,Dingwall,1m½f,5,7.0,7.62,0.13072774
2025-05-28,15:00:00,HAMILTON,Spun To Gold,1m½f,7,8.5,10.51,0.06448703
2025-05-28,15:00:00,HAMILTON,Bellasio,1m½f,2,15.0,17.11,0.037027627
2025-05-28,15:00:00,HAMILTON,Jaminoz,1m½f,6,19.0,25.0,0.0089595895
2025-05-28,15:00:00,HAMILTON,Jannas Journey,1m½f,8,51.0,65.79,0.0076354393
2025-05-28,15:30:00,HAMILTON,Lord Roxby,6f,1,3.5,4.1,0.5834886
2025-05-28,15:30:00,HAMILTON,Dothan,6f,5,3.5,4.29,0.37416035
2025-05-28,15:30:00,HAMILTON,Arabian Cobra,6f,2,23.0,34.0,0.04920483
2025-05-28,15:30:00,HAMILTON,Who Wants Me,6f,12,51.0,100.0,0.0055993265
2025-05-28,15:30:00,HAMILTON,Actin Like A Diva,6f,14,51.0,94.54,0.02054655
2025-05-28,15:30:00,HAMILTON,Defence Missile,6f,11,67.0,144.59,0.0058145546
2025-05-28,15:30:00,HAMILTON,No Nay Nevermind,6f,9,101.0,200.12,0.00045532698
2025-05-28,15:30:00,HAMILTON,Mae Amor,6f,6,5.0,6.4,0.38954845
2025-05-28,15:30:00,HAMILTON,Mr Cool,6f,3,9.0,11.18,0.025174301
2025-05-28,15:30:00,HAMILTON,Top Juggler,6f,4,11.0,13.41,0.040073223
2025-05-28,15:30:00,HAMILTON,Larchill Lass,6f,10,17.0,23.09,0.1245759
2025-05-28,15:30:00,HAMILTON,East Tyrone,6f,8,19.0,30.0,0.101637825
2025-05-28,15:30:00,HAMILTON,Military Girl,6f,13,19.0,27.0,0.0070853727
2025-05-28,15:30:00,HAMILTON,Stirrup Cup,6f,7,21.0,34.0,0.027221458
2025-05-28,16:00:00,HAMILTON,Oriental Prince,5f,3,2.38,2.48,0.7069111
2025-05-28,16:00:00,HAMILTON,Digital,5f,7,4.0,4.3,0.7403945
2025-05-28,16:00:00,HAMILTON,Hurt You Never,5f,4,7.0,8.14,0.59356785
2025-05-28,16:00:00,HAMILTON,Parisiac,5f,1,8.0,8.09,0.44567618
2025-05-28,16:00:00,HAMILTON,Illusionist,5f,6,12.0,14.74,0.39471492
2025-05-28,16:00:00,HAMILTON,Pop Star,5f,2,15.0,17.51,0.11189516
2025-05-28,16:00:00,HAMILTON,Orbital Chime,5f,5,29.0,46.58,0.026968274
2025-05-28,16:30:00,HAMILTON,Kings Scholar,1m5f,1,3.0,3.75,0.4459621
2025-05-28,16:30:00,HAMILTON,Two Auld Pals,1m5f,3,29.0,48.6,0.008792945
2025-05-28,16:30:00,HAMILTON,Destinado,1m5f,5,29.0,54.73,0.0058748717
2025-05-28,16:30:00,HAMILTON,Tafsir,1m5f,7,34.0,69.61,0.009041886
2025-05-28,16:30:00,HAMILTON,Cougar,1m5f,12,51.0,110.0,0.004615413
2025-05-28,16:30:00,HAMILTON,Savrola,1m5f,2,6.0,6.18,0.00972843
2025-05-28,16:30:00,HAMILTON,Letsbefrank,1m5f,11,7.0,9.12,0.10667462
2025-05-28,16:30:00,HAMILTON,Sugar Road,1m5f,10,8.0,9.54,0.06164994
2025-05-28,16:30:00,HAMILTON,Sectarius,1m5f,13,8.5,10.7,0.023155957
2025-05-28,16:30:00,HAMILTON,Kitsune Power,1m5f,8,8.5,11.52,0.061441004
2025-05-28,16:30:00,HAMILTON,Alnayef,1m5f,6,15.0,15.19,0.06453424
2025-05-28,16:30:00,HAMILTON,Forza Orta,1m5f,9,17.0,28.0,0.007166883
2025-05-28,16:30:00,HAMILTON,Fast Fred,1m5f,4,26.0,38.0,0.012326565
2025-05-28,17:03:00,HAMILTON,Hi Ya Mal,1m4f,1,4.0,4.1,0.6402012
2025-05-28,17:03:00,HAMILTON,Trojan Soldier,1m4f,2,4.0,4.51,0.5552408
2025-05-28,17:03:00,HAMILTON,Joyful Sound,1m4f,4,4.33,4.6,0.34197152
2025-05-28,17:03:00,HAMILTON,Gentle Warrior,1m4f,3,5.0,5.9,0.22174561
2025-05-28,17:03:00,HAMILTON,Eagle Strike,1m4f,6,9.0,10.26,0.09462495
2025-05-28,17:03:00,HAMILTON,Bruce Banner,1m4f,5,13.0,16.3,0.14960308
2025-05-16,17:35:00,HAMILTON,Woohoo,5f,1,4.33,4.6,0.61663854
2025-05-16,17:35:00,HAMILTON,Match Play,5f,4,4.33,5.2,0.620892
2025-05-16,17:35:00,HAMILTON,Royal Duke,5f,6,4.5,5.0,0.5894738
2025-05-16,17:35:00,HAMILTON,Newyorkstateofmind,5f,5,7.0,9.54,0.3586579
2025-05-16,17:35:00,HAMILTON,Chester Le Streak,5f,7,7.5,8.11,0.04685601
2025-05-16,17:35:00,HAMILTON,Kyber Crystal,5f,3,9.0,11.61,0.25297016
2025-05-16,17:35:00,HAMILTON,Refuge,5f,2,12.0,14.74,0.19199112
2025-05-16,17:35:00,HAMILTON,Fumbleinthejungle,5f,8,101.0,190.0,0.010784898
2025-05-16,18:05:00,HAMILTON,Kolkata Knight,6f,1,2.63,2.74,0.71164864
2025-05-16,18:05:00,HAMILTON,Dacres Cross,6f,4,3.25,3.33,0.5231379
2025-05-16,18:05:00,HAMILTON,Blue Mantle,6f,3,8.5,9.86,0.44237727
2025-05-16,18:05:00,HAMILTON,Harlequin Bay,6f,5,12.0,18.06,0.5161911
2025-05-16,18:05:00,HAMILTON,Mister Moet,6f,2,13.0,15.4,0.123586535
2025-05-16,18:05:00,HAMILTON,Our Boy Harry,6f,6,19.0,23.63,0.44198292
2025-05-16,18:05:00,HAMILTON,Rathmullan,6f,7,34.0,47.26,0.08877963
2025-05-16,18:40:00,HAMILTON,Mafting,1m3f,2,1.36,1.37,0.96072423
2025-05-16,18:40:00,HAMILTON,Talismans Time,1m3f,1,4.2,4.75,0.28292575
2025-05-16,18:40:00,HAMILTON,Me And Bobby McGee,1m3f,4,11.0,14.89,0.4333719
2025-05-16,18:40:00,HAMILTON,Kabuki (FR),1m3f,3,41.0,97.91,0.00547387
2025-05-16,19:15:00,HAMILTON,Creatif,1m4f,2,3.0,3.32,0.75904804
2025-05-16,19:15:00,HAMILTON,Whathappensinvegas,1m4f,3,4.2,4.66,0.40055543
2025-05-16,19:15:00,HAMILTON,Faylaq,1m4f,1,4.5,5.0,0.38393533
2025-05-16,19:15:00,HAMILTON,Letsbefrank,1m4f,4,6.0,7.59,0.34204537
2025-05-16,19:15:00,HAMILTON,Individualism,1m4f,7,9.5,10.15,0.08713767
2025-05-16,19:15:00,HAMILTON,Per Contra,1m4f,5,26.0,31.86,0.023575414
2025-05-16,19:15:00,HAMILTON,Tafsir,1m4f,6,34.0,56.25,0.021717194
2025-05-16,19:50:00,HAMILTON,Bodorgan,1m1f,3,2.38,2.62,0.397719
2025-05-16,19:50:00,HAMILTON,Bubbles Wonky,1m1f,2,4.0,4.4,0.4285446
2025-05-16,19:50:00,HAMILTON,Starliner,1m1f,1,5.5,6.05,0.21804978
2025-05-16,19:50:00,HAMILTON,Bamburgh,1m1f,6,7.0,8.6,0.28993148
2025-05-16,19:50:00,HAMILTON,Westernesse,1m1f,4,13.0,24.27,0.02447839
2025-05-16,19:50:00,HAMILTON,Braes Of Doune,1m1f,5,15.0,20.03,0.047755037
2025-05-16,19:50:00,HAMILTON,Freedom Day,1m1f,7,34.0,66.15,0.021198634
2025-05-16,20:25:00,HAMILTON,Bay Dream Believer,1m½f,5,3.25,3.97,0.54681146
2025-05-16,20:25:00,HAMILTON,Desert Dream,1m½f,8,51.0,96.21,0.0178212
2025-05-16,20:25:00,HAMILTON,Hostelry,1m½f,1,4.5,5.07,0.35273132
2025-05-16,20:25:00,HAMILTON,Shahnaz,1m½f,6,6.5,6.7,0.16122414
2025-05-16,20:25:00,HAMILTON,Jumeira Vision,1m½f,4,9.0,12.51,0.057922512
2025-05-16,20:25:00,HAMILTON,Ayr Poet,1m½f,2,9.0,11.19,0.39308536
2025-05-16,20:25:00,HAMILTON,We Still Believe,1m½f,3,10.0,15.31,0.07203908
2025-05-16,20:25:00,HAMILTON,Ring Of Gold,1m½f,11,10.0,13.0,0.016785914
2025-05-16,20:25:00,HAMILTON,Yellow Lemons,1m½f,7,17.0,20.0,0.14699915
2025-05-16,20:25:00,HAMILTON,Zumaaty,1m½f,9,34.0,71.7,0.01997049
2025-05-16,20:25:00,HAMILTON,Cloud Free,1m½f,10,34.0,60.0,0.017067142
2025-05-16,21:00:00,HAMILTON,Ishe Worth Agamble,6f,3,3.0,3.3,0.61831665
2025-05-16,21:00:00,HAMILTON,Back Tomorrow,6f,5,3.25,3.7,0.7350848
2025-05-16,21:00:00,HAMILTON,Ignac Lamar,6f,1,4.33,4.72,0.48981798
2025-05-16,21:00:00,HAMILTON,Black Cab,6f,6,9.5,13.66,0.15201202
2025-05-16,21:00:00,HAMILTON,Rain Cap,6f,2,10.0,11.37,0.19796287
2025-05-16,21:00:00,HAMILTON,Thunderstorm Katie,6f,4,17.0,19.29,0.014767178
2025-05-04,13:25:00,HAMILTON,Hurt You Never,5f,1,1.44,1.51,0.7356318
2025-05-04,13:25:00,HAMILTON,Newyorkstateofmind,5f,2,3.75,4.3,0.513116
2025-05-04,13:25:00,HAMILTON,Lady Bouquet,5f,3,8.0,11.0,0.22896339
2025-05-04,13:25:00,HAMILTON,Carmarthen,5f,4,29.0,49.92,0.021847202
2025-05-04,13:55:00,HAMILTON,Azure Zain,5f,3,2.63,2.76,0.7775294
2025-05-04,13:55:00,HAMILTON,Ay Gee Ell,5f,2,3.0,3.22,0.57822335
2025-05-04,13:55:00,HAMILTON,Memphisatmidnight,5f,4,6.0,7.8,0.38014597
2025-05-04,13:55:00,HAMILTON,Mayberry Moon,5f,5,7.5,9.51,0.4860769
2025-05-04,13:55:00,HAMILTON,Tiva,5f,1,9.5,13.08,0.044240326
2025-05-04,14:35:00,HAMILTON,Arrange,1m5f,5,3.25,3.51,0.47450936
2025-05-04,14:35:00,HAMILTON,Faylaq,1m5f,1,3.75,4.2,0.58459014
2025-05-04,14:35:00,HAMILTON,Kitteridge,1m5f,2,4.33,5.22,0.15346679
2025-05-04,14:35:00,HAMILTON,Knockbrex,1m5f,3,9.0,10.5,0.10338353
2025-05-04,14:35:00,HAMILTON,Sax Appeal,1m5f,6,9.5,10.5,0.11954795
2025-05-04,14:35:00,HAMILTON,Tafsir,1m5f,7,19.0,25.66,0.031213662
2025-05-04,14:35:00,HAMILTON,Two Auld Pals,1m5f,8,19.0,29.0,0.016210824
2025-05-04,14:35:00,HAMILTON,Alnayef,1m5f,4,29.0,34.95,0.004604112
2025-05-04,15:05:00,HAMILTON,Sallaal,1m½f,1,1.33,1.44,0.9784557
2025-05-04,15:05:00,HAMILTON,Arctic Grey,1m½f,2,5.5,7.18,0.24791774
2025-05-04,15:05:00,HAMILTON,College Fund,1m½f,4,8.5,12.45,0.11559417
2025-05-04,15:05:00,HAMILTON,Obito,1m½f,3,23.0,34.67,0.043180868
2025-05-04,15:05:00,HAMILTON,Capla Daviekins,1m½f,5,126.0,244.19,0.00050072256
2025-05-04,15:45:00,HAMILTON,Epidavros,1m½f,7,3.0,3.54,0.8174982
2025-05-04,15:45:00,HAMILTON,Detective,1m½f,8,5.5,6.0,0.6548809
2025-05-04,15:45:00,HAMILTON,Arkenstaar,1m½f,4,5.5,6.41,0.31152064
2025-05-04,15:45:00,HAMILTON,Cosmos Raj,1m½f,1,6.5,7.21,0.20207441
2025-05-04,15:45:00,HAMILTON,Starliner,1m½f,2,7.5,8.0,0.1810349
2025-05-04,15:45:00,HAMILTON,Quiet Resolve,1m½f,3,7.5,9.11,0.2630419
2025-05-04,15:45:00,HAMILTON,Shine On Brendan,1m½f,5,21.0,29.52,0.020031266
2025-05-04,15:45:00,HAMILTON,Yellow Lemons,1m½f,6,67.0,100.0,0.0025408005
2025-05-04,16:18:00,HAMILTON,Mister Sky Blue,6f,1,2.75,2.95,0.6236056
2025-05-04,16:18:00,HAMILTON,The Vital Spark,6f,5,3.0,3.15,0.32030326
2025-05-04,16:18:00,HAMILTON,Tarlac,6f,2,4.33,5.24,0.6732061
2025-05-04,16:18:00,HAMILTON,Kiss Me My Love,6f,3,11.0,13.56,0.2669092
2025-05-04,16:18:00,HAMILTON,Captain Pickles,6f,4,12.0,15.93,0.30962276
2025-05-04,16:18:00,HAMILTON,Unthinkable,6f,6,67.0,122.79,0.02286495
2025-05-04,16:53:00,HAMILTON,Masekela,1m3f,2,2.38,2.5,0.75660473
2025-05-04,16:53:00,HAMILTON,Spanish Hustle,1m3f,3,4.5,5.73,0.62309194
2025-05-04,16:53:00,HAMILTON,Mister Daydream,1m3f,1,4.5,4.53,0.22720641
2025-05-04,16:53:00,HAMILTON,Ana Emaraaty,1m3f,4,11.0,14.42,0.05695478
2025-05-04,16:53:00,HAMILTON,The Navigator,1m3f,6,12.0,14.81,0.054613333
2025-05-04,16:53:00,HAMILTON,Naturalia,1m3f,7,19.0,24.0,0.010398133
2025-05-04,16:53:00,HAMILTON,Jaminoz,1m3f,5,26.0,35.3,0.0053639826
2025-05-04,16:53:00,HAMILTON,Bristol Hill,1m3f,8,67.0,193.52,0.009913511
2024-09-30,13:50:00,HAMILTON,Inanna,6f,2,2.88,3.05,0.7912573
2024-09-30,13:50:00,HAMILTON,Hour By Hour,6f,1,3.0,3.3,0.6065201
2024-09-30,13:50:00,HAMILTON,Bay Breeze,6f,7,7.0,8.0,0.6027093
2024-09-30,13:50:00,HAMILTON,Lady Celia,6f,6,8.5,9.39,0.19306086
2024-09-30,13:50:00,HAMILTON,So Grateful,6f,3,9.5,13.29,0.39268112
2024-09-30,13:50:00,HAMILTON,Endowed,6f,4,23.0,26.0,0.027166124
2024-09-30,13:50:00,HAMILTON,Ballyare,6f,5,29.0,44.74,0.004484653
2024-09-30,14:25:00,HAMILTON,Solvency,5f,1,2.25,2.51,0.7360642
2024-09-30,14:25:00,HAMILTON,On Key,5f,6,2.25,2.5,0.7326475
2024-09-30,14:25:00,HAMILTON,Cugini,5f,3,11.0,14.09,0.17390215
2024-09-30,14:25:00,HAMILTON,Hi Lord,5f,2,12.0,14.42,0.35580915
2024-09-30,14:25:00,HAMILTON,Tabago Moon,5f,4,19.0,25.28,0.097471535
2024-09-30,14:25:00,HAMILTON,Until Dawn,5f,5,67.0,109.93,0.02195387
2024-09-30,14:25:00,HAMILTON,Luna A Inbhir Nis,5f,7,201.0,377.71,0.018099904
2024-09-30,15:00:00,HAMILTON,Shine On Brendan,1m½f,1,4.33,4.86,0.61692506
2024-09-30,15:00:00,HAMILTON,Contrast,1m½f,5,51.0,88.22,0.002755571
2024-09-30,15:00:00,HAMILTON,Trais Fluors,1m½f,10,67.0,122.39,0.0021560816
2024-09-30,15:00:00,HAMILTON,Tilsitt,1m½f,8,5.0,5.83,0.5553188
2024-09-30,15:00:00,HAMILTON,Bay Dream Believer,1m½f,4,5.5,6.6,0.63698524
2024-09-30,15:00:00,HAMILTON,Mount King,1m½f,9,7.5,7.83,0.12057027
2024-09-30,15:00:00,HAMILTON,Volcanology,1m½f,11,9.5,10.26,0.09469926
2024-09-30,15:00:00,HAMILTON,Makalu,1m½f,7,10.0,11.81,0.25254023
2024-09-30,15:00:00,HAMILTON,Likleman,1m½f,3,11.0,12.1,0.16346256
2024-09-30,15:00:00,HAMILTON,Gainsbourg,1m½f,2,15.0,22.27,0.04101462
2024-09-30,15:00:00,HAMILTON,Sutue Alshams,1m½f,6,17.0,22.0,0.17819797
2024-09-30,15:35:00,HAMILTON,Austrian Theory,1m1f,2,3.75,4.13,0.5352863
2024-09-30,15:35:00,HAMILTON,Zarabanda,1m1f,1,4.5,4.74,0.23511207
2024-09-30,15:35:00,HAMILTON,Faylaq,1m1f,4,5.5,6.09,0.5754132
2024-09-30,15:35:00,HAMILTON,Chaturanga,1m1f,8,6.0,7.4,0.339288
2024-09-30,15:35:00,HAMILTON,Benacre,1m1f,5,8.5,9.4,0.026882308
2024-09-30,15:35:00,HAMILTON,Beraz,1m1f,3,11.0,12.16,0.10731157
2024-09-30,15:35:00,HAMILTON,Pisanello,1m1f,7,17.0,23.94,0.03242597
2024-09-30,15:35:00,HAMILTON,Rajapour,1m1f,6,26.0,30.14,0.04775689
2024-09-30,15:35:00,HAMILTON,Cavallo Pazzo,1m1f,9,126.0,221.2,0.00083515665
2024-09-30,16:10:00,HAMILTON,Never Dark,5f,1,3.75,3.95,0.34863603
2024-09-30,16:10:00,HAMILTON,Moonstone Boy,5f,3,5.0,5.87,0.14791149
2024-09-30,16:10:00,HAMILTON,Good Earth,5f,2,6.0,6.48,0.14054565
2024-09-30,16:10:00,HAMILTON,Mon Na Slieve,5f,8,7.0,8.4,0.2001581
2024-09-30,16:10:00,HAMILTON,Origintrail,5f,4,8.5,9.32,0.13224499
2024-09-30,16:10:00,HAMILTON,Rock Melody,5f,7,9.5,11.36,0.2681527
2024-09-30,16:10:00,HAMILTON,Monks Dream,5f,5,13.0,14.0,0.038876932
2024-09-30,16:10:00,HAMILTON,Ventura Express,5f,6,15.0,21.0,0.04892443
2024-09-30,16:45:00,HAMILTON,Stash The Cash,5f,1,1.83,1.94,0.56850725
2024-09-30,16:45:00,HAMILTON,Wee Fat Mac,5f,2,6.0,6.51,0.20543092
2024-09-30,16:45:00,HAMILTON,Majeski Man,5f,8,8.0,10.65,0.32934737
2024-09-30,16:45:00,HAMILTON,Maharajas Express,5f,4,11.0,13.34,0.12121806
2024-09-30,16:45:00,HAMILTON,Delagate This Lord,5f,3,12.0,15.5,0.24133584
2024-09-30,16:45:00,HAMILTON,Show Me Show Me,5f,7,17.0,22.0,0.13745187
2024-09-30,16:45:00,HAMILTON,Zaphea,5f,5,23.0,32.0,0.03981375
2024-09-30,16:45:00,HAMILTON,Rodborough,5f,6,34.0,47.17,0.025476476
2024-09-30,17:20:00,HAMILTON,Flying Scotsman,1m4f,6,2.2,2.39,0.2769638
2024-09-30,17:20:00,HAMILTON,Dandys Angel,1m4f,1,3.5,4.23,0.18274778
2024-09-30,17:20:00,HAMILTON,Jaminoz,1m4f,2,4.5,4.99,0.41876167
2024-09-30,17:20:00,HAMILTON,Hot Team,1m4f,3,15.0,20.12,0.013721514
2024-09-30,17:20:00,HAMILTON,Edwina Sheeran,1m4f,5,15.0,20.34,0.028914483
2024-09-30,17:20:00,HAMILTON,Aldbourne,1m4f,7,51.0,105.99,0.004899116
2024-09-30,17:20:00,HAMILTON,Fanaigi Linn,1m4f,4,67.0,114.4,0.0097900685
2024-09-23,13:48:00,HAMILTON,Rebeccas Girl,1m½f,9,2.75,3.37,0.7688603
2024-09-23,13:48:00,HAMILTON,Temper Trap,1m½f,2,4.5,5.31,0.3090358
2024-09-23,13:48:00,HAMILTON,Zumaaty,1m½f,1,6.0,6.27,0.19635537
2024-09-23,13:48:00,HAMILTON,Rievaulx Raver,1m½f,3,7.5,8.45,0.119037904
2024-09-23,13:48:00,HAMILTON,Bulls Aye,1m½f,6,8.0,9.5,0.22877684
2024-09-23,13:48:00,HAMILTON,Retirement Beckons,1m½f,4,15.0,16.33,0.03368528
2024-09-23,13:48:00,HAMILTON,Absolute Dream,1m½f,8,17.0,21.81,0.014388374
2024-09-23,13:48:00,HAMILTON,Blue Jay Way,1m½f,7,41.0,49.24,0.007670007
2024-09-23,13:48:00,HAMILTON,Chinese Spirit,1m½f,5,51.0,85.45,0.058344506
2024-09-23,14:23:00,HAMILTON,Thecla,6f,1,2.1,2.35,0.7805714
2024-09-23,14:23:00,HAMILTON,Misty Sky,6f,2,2.5,2.6,0.5562374
2024-09-23,14:23:00,HAMILTON,Its Only Fun,6f,3,8.0,8.6,0.30653816
2024-09-23,14:23:00,HAMILTON,That Lucas Fella,6f,4,12.0,12.63,0.145582
2024-09-23,14:58:00,HAMILTON,The Dragon King,5f,2,2.75,3.06,0.28123993
2024-09-23,14:58:00,HAMILTON,Invincible Annice,5f,3,4.0,4.41,0.35523328
2024-09-23,14:58:00,HAMILTON,Lucius Aurelius,5f,4,5.5,5.53,0.28160724
2024-09-23,14:58:00,HAMILTON,Music History,5f,5,7.0,7.19,0.16265066
2024-09-23,14:58:00,HAMILTON,Call Me Harswell,5f,1,7.0,7.53,0.30089864
2024-09-23,14:58:00,HAMILTON,Rock N Roll Rocket,5f,6,34.0,47.01,0.014336174
2024-09-23,15:33:00,HAMILTON,Minstrel Knight,1m4f,3,2.88,3.24,0.7836046
2024-09-23,15:33:00,HAMILTON,Spectacular Style,1m4f,7,3.75,3.84,0.6972199
2024-09-23,15:33:00,HAMILTON,Tafsir,1m4f,1,8.5,9.3,0.028101774
2024-09-23,15:33:00,HAMILTON,Soowaih,1m4f,2,9.0,10.5,0.25620124
2024-09-23,15:33:00,HAMILTON,Papagei,1m4f,4,9.5,11.08,0.15372324
2024-09-23,15:33:00,HAMILTON,Spanish Hustle,1m4f,5,9.5,11.0,0.5117756
2024-09-23,15:33:00,HAMILTON,Wickywickywheels,1m4f,6,17.0,22.49,0.018814046
2024-09-23,15:33:00,HAMILTON,Stand Strong,1m4f,8,67.0,110.0,0.007585299
2024-09-23,16:08:00,HAMILTON,Stash The Cash,5f,1,3.25,3.51,0.564763
2024-09-23,16:08:00,HAMILTON,Strong Johnson,5f,4,4.33,5.28,0.2563938
2024-09-23,16:08:00,HAMILTON,Lady Celia,5f,6,7.5,7.7,0.41306502
2024-09-23,16:08:00,HAMILTON,Keldeo,5f,7,8.0,8.6,0.24721693
2024-09-23,16:08:00,HAMILTON,Midnight Lir,5f,5,8.0,9.26,0.26753038
2024-09-23,16:08:00,HAMILTON,Wee Fat Mac,5f,3,9.0,10.0,0.24387711
2024-09-23,16:08:00,HAMILTON,Scoops Ahoy,5f,2,11.0,11.62,0.15650183
2024-09-23,16:43:00,HAMILTON,Gundogan,6f,3,3.0,3.53,0.76176083
2024-09-23,16:43:00,HAMILTON,Wichahpi,6f,2,4.5,4.62,0.55005723
2024-09-23,16:43:00,HAMILTON,Showhound,6f,6,5.0,5.29,0.4919512
2024-09-23,16:43:00,HAMILTON,Game Breaker,6f,1,8.0,9.0,0.3043169
2024-09-23,16:43:00,HAMILTON,Blufferonthebus,6f,7,8.5,9.09,0.3467679
2024-09-23,16:43:00,HAMILTON,A Girl Named Ivy,6f,4,17.0,21.92,0.065866955
2024-09-23,16:43:00,HAMILTON,Chatty,6f,5,17.0,24.78,0.21895975
2024-09-23,16:43:00,HAMILTON,Zaphea,6f,8,51.0,67.7,0.006238814
2024-09-23,17:15:00,HAMILTON,Many A Year,6f,1,3.75,3.8,0.58413726
2024-09-23,17:15:00,HAMILTON,Havana Pursuit,6f,2,4.0,4.6,0.46113378
2024-09-23,17:15:00,HAMILTON,Gentle Ellen,6f,6,4.33,5.14,0.3120813
2024-09-23,17:15:00,HAMILTON,Rain Cap,6f,3,7.5,9.4,0.3561822
2024-09-23,17:15:00,HAMILTON,Rosenpur,6f,4,8.0,9.43,0.24063548
2024-09-23,17:15:00,HAMILTON,Angel Amadea,6f,5,13.0,16.63,0.20525433
2024-09-23,17:15:00,HAMILTON,Majestic Newlaw,6f,7,15.0,21.0,0.21930015
2024-09-22,14:12:00,HAMILTON,The Lost Canvas,1m½f,2,1.91,1.96,0.82181036
2024-09-22,14:12:00,HAMILTON,Liberatus,1m½f,1,3.0,3.13,0.5747416
2024-09-22,14:12:00,HAMILTON,Gaelic Gladiator,1m½f,4,13.0,17.63,0.4786154
2024-09-22,14:12:00,HAMILTON,Miss Lalita,1m½f,5,13.0,23.41,0.31598338
2024-09-22,14:12:00,HAMILTON,Batmans Boy,1m½f,6,17.0,26.83,0.09920155
2024-09-22,14:12:00,HAMILTON,Finding Time,1m½f,7,17.0,28.0,0.15985955
2024-09-22,14:12:00,HAMILTON,Falaise Blanc,1m½f,3,101.0,190.0,0.0021074493
2024-09-22,14:42:00,HAMILTON,Jack Of Clubs,5f,2,4.6,5.17,0.79211974
2024-09-22,14:42:00,HAMILTON,Chriss Mate,5f,9,101.0,176.41,0.014242267
2024-09-22,14:42:00,HAMILTON,Mews House,5f,11,101.0,170.69,0.08035234
2024-09-22,14:42:00,HAMILTON,Kyber Crystal,5f,1,5.0,6.2,0.3206201
2024-09-22,14:42:00,HAMILTON,Sixcor,5f,6,5.5,6.1,0.25446874
2024-09-22,14:42:00,HAMILTON,Cuban Rock,5f,10,7.5,8.2,0.21137887
2024-09-22,14:42:00,HAMILTON,Earn Your Stripes,5f,5,7.5,8.39,0.27093598
2024-09-22,14:42:00,HAMILTON,Back Tomorrow,5f,8,10.0,13.5,0.39508867
2024-09-22,14:42:00,HAMILTON,Royal Duke,5f,3,11.0,11.13,0.3628726
2024-09-22,14:42:00,HAMILTON,Lady Bouquet,5f,4,11.0,14.77,0.065857224
2024-09-22,14:42:00,HAMILTON,Carmarthen,5f,7,29.0,49.15,0.055977
2024-09-22,15:12:00,HAMILTON,Kingsley Pride,1m3f,1,2.38,2.46,0.82229406
2024-09-22,15:12:00,HAMILTON,Bay Dream Believer,1m3f,2,4.0,4.29,0.5206611
2024-09-22,15:12:00,HAMILTON,Dr Foster,1m3f,3,4.33,5.34,0.4259039
2024-09-22,15:12:00,HAMILTON,Midnight Lion,1m3f,6,8.5,9.8,0.37960854
2024-09-22,15:12:00,HAMILTON,Loom Large,1m3f,5,21.0,26.39,0.0105302045
2024-09-22,15:12:00,HAMILTON,Fanaigi Linn,1m3f,4,23.0,34.0,0.0565264
2024-09-22,15:42:00,HAMILTON,Rock Melody,6f,9,4.5,5.06,0.38487813
2024-09-22,15:42:00,HAMILTON,Eminny,6f,1,26.0,32.0,0.08192544
2024-09-22,15:42:00,HAMILTON,Catherine Chroi,6f,2,6.0,7.23,0.12595981
2024-09-22,15:42:00,HAMILTON,Iris Dancer,6f,7,6.0,6.4,0.2062719
2024-09-22,15:42:00,HAMILTON,Midnight Affair,6f,5,6.5,7.6,0.2263681
2024-09-22,15:42:00,HAMILTON,Giselles Izzy,6f,6,8.0,8.11,0.049846593
2024-09-22,15:42:00,HAMILTON,Mostar Dreams,6f,3,10.0,11.75,0.26151705
2024-09-22,15:42:00,HAMILTON,Powerdress,6f,8,12.0,14.29,0.09781332
2024-09-22,15:42:00,HAMILTON,May Blossom,6f,10,13.0,16.17,0.075703874
2024-09-22,15:42:00,HAMILTON,Happier,6f,4,23.0,30.0,0.014112896
2024-09-22,16:12:00,HAMILTON,Tilsitt,1m1f,2,4.5,5.01,0.44874167
2024-09-22,16:12:00,HAMILTON,Shine On Brendan,1m1f,5,5.0,6.96,0.55439276
2024-09-22,16:12:00,HAMILTON,Epidavros,1m1f,1,5.5,6.2,0.5720587
2024-09-22,16:12:00,HAMILTON,Naturalia,1m1f,9,7.5,8.12,0.18527506
2024-09-22,16:12:00,HAMILTON,Shes Got Bottle,1m1f,7,8.0,9.0,0.036613937
2024-09-22,16:12:00,HAMILTON,Shahnaz,1m1f,3,10.0,13.0,0.12715922
2024-09-22,16:12:00,HAMILTON,Izzari,1m1f,8,13.0,14.0,0.09168806
2024-09-22,16:12:00,HAMILTON,Wadacre Tivoli,1m1f,4,15.0,15.91,0.14871211
2024-09-22,16:12:00,HAMILTON,Leap Year Lad,1m1f,6,17.0,22.34,0.0467687
2024-09-22,16:42:00,HAMILTON,Ramon Di Loria,6f,4,4.33,4.65,0.28188324
2024-09-22,16:42:00,HAMILTON,Inanna,6f,1,5.5,6.5,0.5689558
2024-09-22,16:42:00,HAMILTON,Hierarchy,6f,2,6.0,6.95,0.40423235
2024-09-22,16:42:00,HAMILTON,Rough Diamond,6f,6,6.0,6.98,0.16536793
2024-09-22,16:42:00,HAMILTON,Impressor,6f,9,8.5,11.64,0.36813414
2024-09-22,16:42:00,HAMILTON,Belsito,6f,5,10.0,10.12,0.01620417
2024-09-22,16:42:00,HAMILTON,Bay Breeze,6f,3,11.0,12.92,0.17506553
2024-09-22,16:42:00,HAMILTON,Kats Bob,6f,7,17.0,24.0,0.020529505
2024-09-22,16:42:00,HAMILTON,Secret Road,6f,8,21.0,30.0,0.024440201
2024-09-22,17:12:00,HAMILTON,Susiesparkle,1m4f,2,2.25,2.45,0.8196266
2024-09-22,17:12:00,HAMILTON,V Twelve,1m4f,3,7.0,7.36,0.23108968
2024-09-22,17:12:00,HAMILTON,Ribble River,1m4f,1,8.0,9.63,0.24347925
2024-09-22,17:12:00,HAMILTON,Thats My Boy Luke,1m4f,5,8.0,10.0,0.1146339
2024-09-22,17:12:00,HAMILTON,Roman Secret,1m4f,6,9.0,9.54,0.271667
2024-09-22,17:12:00,HAMILTON,Jaminoz,1m4f,7,11.0,14.47,0.12724951
2024-09-22,17:12:00,HAMILTON,Epona Pas,1m4f,8,21.0,26.95,0.015767487
2024-09-22,17:12:00,HAMILTON,Val Bassett,1m4f,4,29.0,42.14,0.022658035
2024-09-22,17:12:00,HAMILTON,Bristol Hill,1m4f,9,51.0,63.12,0.04676291
2024-09-22,17:12:00,HAMILTON,Amasar,1m4f,10,51.0,80.18,0.01138245
2024-09-04,16:35:00,HAMILTON,Larchill Lass,5f,3,2.88,3.08,0.5196672
2024-09-04,16:35:00,HAMILTON,Invincible Annice,5f,1,3.25,3.85,0.6989764
2024-09-04,16:35:00,HAMILTON,Milford,5f,2,4.5,4.55,0.5229048
2024-09-04,16:35:00,HAMILTON,Up The Clarets,5f,4,7.0,7.67,0.20978422
2024-09-04,16:35:00,HAMILTON,Laurens Dream,5f,5,13.0,14.65,0.4237039
2024-09-04,17:10:00,HAMILTON,Rebeccas Girl,1m½f,3,3.25,3.73,0.7944105
2024-09-04,17:10:00,HAMILTON,Millbuie,1m½f,9,19.0,25.0,0.08367028
2024-09-04,17:10:00,HAMILTON,Strike Rate,1m½f,8,23.0,36.0,0.050327
2024-09-04,17:10:00,HAMILTON,Recorwoman,1m½f,5,23.0,36.26,0.0863209
2024-09-04,17:10:00,HAMILTON,Pacos Pride,1m½f,7,29.0,48.0,0.012232837
2024-09-04,17:10:00,HAMILTON,Makalu,1m½f,2,7.0,7.0,0.14273755
2024-09-04,17:10:00,HAMILTON,Crowns Lady,1m½f,4,11.0,13.11,0.10345931
2024-09-04,17:10:00,HAMILTON,Likleman,1m½f,1,11.0,12.28,0.08275055
2024-09-04,17:10:00,HAMILTON,Carvalhal,1m½f,13,11.0,12.15,0.05924867
2024-09-04,17:10:00,HAMILTON,Darbucks,1m½f,12,12.0,16.0,0.026898317
2024-09-04,17:10:00,HAMILTON,Hostelry,1m½f,6,13.0,16.5,0.052150246
2024-09-04,17:10:00,HAMILTON,Black Friday,1m½f,11,13.0,16.27,0.018588891
2024-09-04,17:10:00,HAMILTON,Zumaaty,1m½f,10,15.0,18.14,0.006870854
2024-09-04,17:45:00,HAMILTON,Airspeed,6f,7,2.5,2.68,0.7679474
2024-09-04,17:45:00,HAMILTON,Ziggys Ariel,6f,5,5.5,6.65,0.2377335
2024-09-04,17:45:00,HAMILTON,Georgecandoit,6f,3,6.5,8.12,0.17412241
2024-09-04,17:45:00,HAMILTON,Our Mighty Mo,6f,1,7.5,7.41,0.33668825
2024-09-04,17:45:00,HAMILTON,Herecomesthebear,6f,6,7.5,9.28,0.16245708
2024-09-04,17:45:00,HAMILTON,Shazani,6f,2,12.0,15.0,0.05775695
2024-09-04,17:45:00,HAMILTON,East Tyrone,6f,4,17.0,21.37,0.04233263
2024-09-04,18:15:00,HAMILTON,Slainte Mhath,6f,9,4.33,4.5,0.45827708
2024-09-04,18:15:00,HAMILTON,Rock Melody,6f,4,5.0,6.29,0.15570645
2024-09-04,18:15:00,HAMILTON,Catherine Chroi,6f,2,6.5,7.2,0.16035251
2024-09-04,18:15:00,HAMILTON,Mostar Dreams,6f,3,8.0,9.2,0.12847371
2024-09-04,18:15:00,HAMILTON,Canaria Queen,6f,7,8.5,8.97,0.079387285
2024-09-04,18:15:00,HAMILTON,Conservationist,6f,8,9.5,10.73,0.5229482
2024-09-04,18:15:00,HAMILTON,Iris Dancer,6f,5,9.5,11.05,0.1641504
2024-09-04,18:15:00,HAMILTON,Game Breaker,6f,1,15.0,24.83,0.26692477
2024-09-04,18:15:00,HAMILTON,White Umbrella,6f,6,23.0,25.4,0.05733891
2024-09-04,18:45:00,HAMILTON,Elforleather,1m5f,6,3.75,4.12,0.54488474
2024-09-04,18:45:00,HAMILTON,Something,1m5f,7,3.75,4.3,0.48847827
2024-09-04,18:45:00,HAMILTON,Tafsir,1m5f,1,5.5,6.6,0.28221917
2024-09-04,18:45:00,HAMILTON,Ebony Maw,1m5f,5,7.0,7.8,0.05950755
2024-09-04,18:45:00,HAMILTON,Starshine Legend,1m5f,2,11.0,13.41,0.19056399
2024-09-04,18:45:00,HAMILTON,Spanish Hustle,1m5f,3,11.0,12.5,0.030484328
2024-09-04,18:45:00,HAMILTON,Rock City Falls,1m5f,10,17.0,25.0,0.04230634
2024-09-04,18:45:00,HAMILTON,Perfect Arch,1m5f,4,23.0,29.94,0.014043363
2024-09-04,18:45:00,HAMILTON,Bollin Neil,1m5f,8,67.0,120.0,0.016397849
2024-09-04,18:45:00,HAMILTON,Brora Breeze,1m5f,9,67.0,115.6,0.04851056
2024-09-04,19:15:00,HAMILTON,Hour By Hour,6f,1,2.38,2.43,0.8263525
2024-09-04,19:15:00,HAMILTON,Ramon Di Loria,6f,2,4.5,5.36,0.40380326
2024-09-04,19:15:00,HAMILTON,Little Muddy,6f,7,6.5,8.08,0.27362704
2024-09-04,19:15:00,HAMILTON,Lord Abama,6f,5,7.5,8.38,0.10623109
2024-09-04,19:15:00,HAMILTON,Fiscal Policy,6f,3,8.5,11.5,0.17298368
2024-09-04,19:15:00,HAMILTON,Secret Road,6f,6,19.0,24.0,0.032192074
2024-09-04,19:15:00,HAMILTON,Earn Your Stripes,6f,4,21.0,30.0,0.011300342
2024-09-04,19:15:00,HAMILTON,Zebra Star,6f,8,51.0,80.0,0.0523787
2024-09-04,19:45:00,HAMILTON,Jaminoz,1m3f,1,4.33,4.23,0.44116622
2024-09-04,19:45:00,HAMILTON,Dandys Angel,1m3f,3,6.0,8.2,0.15551339
2024-09-04,19:45:00,HAMILTON,Lunacy,1m3f,4,6.0,6.0,0.5443612
2024-09-04,19:45:00,HAMILTON,Epona Pas,1m3f,5,6.0,6.8,0.1596137
2024-09-04,19:45:00,HAMILTON,Hot Team,1m3f,6,6.0,6.4,0.28476444
2024-09-04,19:45:00,HAMILTON,Sycamore Gap,1m3f,2,7.5,8.83,0.43548712
2024-09-04,19:45:00,HAMILTON,Twoforthegutter,1m3f,7,12.0,16.16,0.11494073
2024-08-23,17:35:00,HAMILTON,Castle Stuart,1m½f,1,2.2,2.18,0.665733
2024-08-23,17:35:00,HAMILTON,Boston Run,1m½f,2,2.75,3.25,0.6133414
2024-08-23,17:35:00,HAMILTON,Raulin,1m½f,3,6.0,6.94,0.44479227
2024-08-23,17:35:00,HAMILTON,Canavan,1m½f,4,19.0,25.0,0.035800435
2024-08-23,17:35:00,HAMILTON,U S Grant,1m½f,6,26.0,46.16,0.011044903
2024-08-23,17:35:00,HAMILTON,Chloes Courage,1m½f,5,41.0,65.0,0.018639678
2024-08-23,18:05:00,HAMILTON,Yorkshire Lady,1m1f,4,2.88,3.06,0.4011064
2024-08-23,18:05:00,HAMILTON,Imperial Express,1m1f,1,5.0,5.3,0.2506766
2024-08-23,18:05:00,HAMILTON,Own Accord,1m1f,2,5.5,6.67,0.20101456
2024-08-23,18:05:00,HAMILTON,Asteverdi,1m1f,3,6.0,6.65,0.31120977
2024-08-23,18:05:00,HAMILTON,Golden Melody,1m1f,5,7.0,8.12,0.26372576
2024-08-23,18:05:00,HAMILTON,Blufferonthebus,1m1f,6,12.0,16.62,0.0416915
2024-08-23,18:35:00,HAMILTON,The Reverend,1m3f,2,2.0,2.1,0.718954
2024-08-23,18:35:00,HAMILTON,Military Academy,1m3f,1,2.75,2.94,0.6825959
2024-08-23,18:35:00,HAMILTON,Sugar Road,1m3f,4,6.0,8.27,0.28634238
2024-08-23,18:35:00,HAMILTON,Meridian Way,1m3f,8,17.0,32.0,0.179666
2024-08-23,18:35:00,HAMILTON,Melinda,1m3f,5,29.0,70.0,0.0041196877
2024-08-23,18:35:00,HAMILTON,Izzari,1m3f,6,34.0,70.0,0.008698473
2024-08-23,18:35:00,HAMILTON,Bolton,1m3f,7,81.0,330.0,0.005609675
2024-08-23,18:35:00,HAMILTON,Wendrock,1m3f,3,101.0,265.72,0.0036097807
2024-08-23,19:05:00,HAMILTON,La Yakel,1m4f,1,4.5,4.9,0.35755774
2024-08-23,19:05:00,HAMILTON,Loyal Touch,1m4f,6,29.0,62.26,0.0059891692
2024-08-23,19:05:00,HAMILTON,LAstronome,1m4f,13,34.0,67.37,0.011190813
2024-08-23,19:05:00,HAMILTON,Capital Theory,1m4f,11,41.0,95.7,0.008344711
2024-08-23,19:05:00,HAMILTON,Geremia,1m4f,12,41.0,60.0,0.00165118
2024-08-23,19:05:00,HAMILTON,Theory Of Tides,1m4f,10,5.0,5.4,0.12798028
2024-08-23,19:05:00,HAMILTON,Flash Bardot,1m4f,9,6.5,7.73,0.012532044
2024-08-23,19:05:00,HAMILTON,Mr Alan,1m4f,5,7.0,8.0,0.11997212
2024-08-23,19:05:00,HAMILTON,The Goat,1m4f,3,9.0,10.1,0.007858546
2024-08-23,19:05:00,HAMILTON,Toll Stone,1m4f,4,10.0,14.72,0.13073651
2024-08-23,19:05:00,HAMILTON,Faylaq,1m4f,2,13.0,18.97,0.038598463
2024-08-23,19:05:00,HAMILTON,Postileo,1m4f,8,19.0,29.04,0.011242488
2024-08-23,19:05:00,HAMILTON,Surrey Mist,1m4f,7,21.0,28.28,0.04494214
2024-08-23,19:35:00,HAMILTON,Mythical Phoenix,5f,3,2.75,2.89,0.6997397
2024-08-23,19:35:00,HAMILTON,Moonstone Boy,5f,1,5.5,5.95,0.15286197
2024-08-23,19:35:00,HAMILTON,Elegant Erin,5f,8,6.5,8.2,0.1697686
2024-08-23,19:35:00,HAMILTON,Changeofmind,5f,2,9.5,12.83,0.031499926
2024-08-23,19:35:00,HAMILTON,Reigning Profit,5f,7,12.0,15.0,0.2823628
2024-08-23,19:35:00,HAMILTON,Be Proud,5f,6,13.0,18.0,0.491648
2024-08-23,19:35:00,HAMILTON,Classy Al,5f,9,13.0,18.05,0.40568325
2024-08-23,19:35:00,HAMILTON,Digital,5f,4,17.0,24.61,0.053433973
2024-08-23,19:35:00,HAMILTON,Count DOrsay,5f,5,17.0,21.0,0.020528775
2024-08-23,20:09:00,HAMILTON,Warrendale Wagyu,5f,4,3.25,3.58,0.7861119
2024-08-23,20:09:00,HAMILTON,Sound Reason,5f,6,5.0,5.23,0.51861274
2024-08-23,20:09:00,HAMILTON,Wee Fat Mac,5f,2,5.0,5.6,0.53786576
2024-08-23,20:09:00,HAMILTON,Object,5f,3,5.5,6.59,0.37576318
2024-08-23,20:09:00,HAMILTON,Zaphea,5f,1,10.0,11.66,0.1873656
2024-08-23,20:09:00,HAMILTON,Borough,5f,7,15.0,18.2,0.04880097
2024-08-23,20:09:00,HAMILTON,Jackie Brown,5f,5,17.0,18.83,0.04464546
2024-08-13,17:30:00,HAMILTON,Strong Johnson,5f,2,2.5,2.48,0.5735069
2024-08-13,17:30:00,HAMILTON,Moonstone Boy,5f,1,3.25,3.57,0.4241815
2024-08-13,17:30:00,HAMILTON,Holbache,5f,4,5.0,5.2,0.3730918
2024-08-13,17:30:00,HAMILTON,Refuge,5f,5,7.5,10.0,0.38653716
2024-08-13,17:30:00,HAMILTON,Game Breaker,5f,3,21.0,26.0,0.016059583
2024-08-13,18:00:00,HAMILTON,Top Juggler,6f,1,3.0,3.2,0.52413446
2024-08-13,18:00:00,HAMILTON,Jonny Garlic,6f,9,41.0,58.47,0.06772773
2024-08-13,18:00:00,HAMILTON,Miss Pocket Rocket,6f,6,81.0,129.23,0.027155127
2024-08-13,18:00:00,HAMILTON,Connies Way,6f,3,4.33,4.89,0.14324383
2024-08-13,18:00:00,HAMILTON,Rogue Endeavour,6f,10,5.5,6.8,0.14151275
2024-08-13,18:00:00,HAMILTON,Groundhog,6f,11,8.0,10.0,0.030685311
2024-08-13,18:00:00,HAMILTON,Lightning Galaxy,6f,2,10.0,12.08,0.19544283
2024-08-13,18:00:00,HAMILTON,Sure And Stedfast,6f,7,17.0,23.81,0.0381089
2024-08-13,18:00:00,HAMILTON,Itsneverjustone,6f,5,17.0,22.45,0.030247984
2024-08-13,18:00:00,HAMILTON,Spanish Blessings,6f,8,34.0,60.0,0.24263151
2024-08-13,18:00:00,HAMILTON,Tabago Moon,6f,4,34.0,46.48,0.14127001
2024-08-13,18:30:00,HAMILTON,Historic City,1m1f,1,1.57,1.62,0.8867447
2024-08-13,18:30:00,HAMILTON,Slaney Swagger,1m1f,3,3.25,3.5,0.5614503
2024-08-13,18:30:00,HAMILTON,Thomas G,1m1f,5,9.5,15.14,0.0343233
2024-08-13,18:30:00,HAMILTON,Thats My Boy Luke,1m1f,4,26.0,51.57,0.007529187
2024-08-13,18:30:00,HAMILTON,Skinny Malinka,1m1f,2,34.0,50.0,0.02011964
2024-08-13,18:30:00,HAMILTON,King Kev,1m1f,6,101.0,330.0,0.0007981582
2024-08-13,18:30:00,HAMILTON,Royal Emperor,1m1f,7,251.0,925.7,0.003784598
2024-08-13,19:00:00,HAMILTON,Good Morning Alex,1m1f,6,5.0,5.95,0.58912176
2024-08-13,19:00:00,HAMILTON,Theoryofeverything,1m1f,1,5.5,5.65,0.17300262
2024-08-13,19:00:00,HAMILTON,Arctic Mountain,1m1f,4,6.0,6.48,0.25141105
2024-08-13,19:00:00,HAMILTON,Indemnity,1m1f,5,6.5,7.55,0.14716865
2024-08-13,19:00:00,HAMILTON,Bubbles Wonky,1m1f,8,9.0,10.62,0.033688612
2024-08-13,19:00:00,HAMILTON,Paddy The Squire,1m1f,2,9.5,12.13,0.13283242
2024-08-13,19:00:00,HAMILTON,Lunario,1m1f,3,11.0,12.0,0.14879315
2024-08-13,19:00:00,HAMILTON,Classy Boy,1m1f,9,13.0,15.83,0.0681667
2024-08-13,19:00:00,HAMILTON,Tele Red,1m1f,7,17.0,19.4,0.0076971585
2024-08-13,19:30:00,HAMILTON,Rock Melody,6f,1,6.0,6.97,0.25028187
2024-08-13,19:30:00,HAMILTON,American Star,6f,7,17.0,20.97,0.041596998
2024-08-13,19:30:00,HAMILTON,Rambuso Creek,6f,15,19.0,27.0,0.12430517
2024-08-13,19:30:00,HAMILTON,Rory,6f,6,21.0,28.68,0.0037533897
2024-08-13,19:30:00,HAMILTON,Pop Star,6f,9,23.0,27.02,0.0016655133
2024-08-13,19:30:00,HAMILTON,Distillate,6f,14,23.0,29.74,0.008686327
2024-08-13,19:30:00,HAMILTON,Jump The Gun,6f,12,29.0,38.78,0.0062661185
2024-08-13,19:30:00,HAMILTON,Slainte Mhath,6f,4,8.0,9.34,0.048551593
2024-08-13,19:30:00,HAMILTON,Roach Power,6f,5,9.0,9.64,0.090766646
2024-08-13,19:30:00,HAMILTON,Gentle Ellen,6f,11,9.0,10.0,0.17340776
2024-08-13,19:30:00,HAMILTON,Catherine Chroi,6f,7,9.5,11.88,0.12917466
2024-08-13,19:30:00,HAMILTON,Impressor,6f,2,9.5,11.15,0.12042944
2024-08-13,19:30:00,HAMILTON,Iris Dancer,6f,3,13.0,22.0,0.04960458
2024-08-13,19:30:00,HAMILTON,Winter Crown,6f,10,13.0,16.01,0.099357
2024-08-13,19:30:00,HAMILTON,Maxi Boy,6f,13,13.0,16.5,0.051578995
2024-08-13,20:00:00,HAMILTON,Gregorina,1m4f,1,4.5,5.27,0.29176968
2024-08-13,20:00:00,HAMILTON,Lady Phoebe,1m4f,2,19.0,23.0,0.19844627
2024-08-13,20:00:00,HAMILTON,Sea Master,1m4f,5,21.0,26.34,0.10548421
2024-08-13,20:00:00,HAMILTON,Bristol Hill,1m4f,7,41.0,49.4,0.025341049
2024-08-13,20:00:00,HAMILTON,Star Of Markinch,1m4f,9,126.0,220.0,0.0028671874
2024-08-13,20:00:00,HAMILTON,Desert Quest,1m4f,3,6.0,7.15,0.029164428
2024-08-13,20:00:00,HAMILTON,Lunacy,1m4f,4,6.5,6.8,0.12319295
2024-08-13,20:00:00,HAMILTON,Sycamore Gap,1m4f,12,7.0,7.97,0.27171463
2024-08-13,20:00:00,HAMILTON,Reveal,1m4f,PU,9.5,11.81,0.24570867
2024-08-13,20:00:00,HAMILTON,Michaels Pledge,1m4f,8,10.0,12.0,0.3603113
2024-08-13,20:00:00,HAMILTON,Yellow Lemons,1m4f,10,13.0,17.21,0.10138682
2024-08-13,20:00:00,HAMILTON,Mix De Gris,1m4f,11,17.0,20.28,0.02067463
2024-08-13,20:00:00,HAMILTON,National Question,1m4f,6,17.0,23.0,0.027163789
2024-08-03,18:10:00,HAMILTON,Temper Trap,1m1f,2,2.0,2.13,0.6968567
2024-08-03,18:10:00,HAMILTON,Carvalhal,1m1f,1,5.5,5.98,0.46757433
2024-08-03,18:10:00,HAMILTON,Lady Phoebe,1m1f,4,6.0,6.74,0.055916373
2024-08-03,18:10:00,HAMILTON,Cage Rattler,1m1f,5,8.0,8.92,0.1605036
2024-08-03,18:10:00,HAMILTON,Chinese Spirit,1m1f,6,12.0,16.0,0.12867251
2024-08-03,18:10:00,HAMILTON,Soveraine,1m1f,3,19.0,27.31,0.0994444
2024-08-03,18:40:00,HAMILTON,Lunario,1m½f,1,3.75,4.1,0.40591514
2024-08-03,18:40:00,HAMILTON,Shahnaz,1m½f,5,3.75,4.25,0.6168038
2024-08-03,18:40:00,HAMILTON,Angel Of England,1m½f,2,5.5,6.6,0.52399886
2024-08-03,18:40:00,HAMILTON,Arkenstaar,1m½f,3,6.0,6.57,0.2274836
2024-08-03,18:40:00,HAMILTON,Rory,1m½f,4,7.0,7.8,0.18193662
2024-08-03,18:40:00,HAMILTON,Beltane,1m½f,7,15.0,16.16,0.19759107
2024-08-03,18:40:00,HAMILTON,Trais Fluors,1m½f,6,34.0,49.43,0.0205211
2024-08-03,19:10:00,HAMILTON,Classy Al,5f,4,2.88,3.01,0.6822319
2024-08-03,19:10:00,HAMILTON,Night On Earth,5f,2,3.0,3.47,0.39982232
2024-08-03,19:10:00,HAMILTON,Reigning Profit,5f,1,4.5,5.16,0.68962926
2024-08-03,19:10:00,HAMILTON,Cavalier Approach,5f,3,5.5,5.75,0.15035236
2024-08-03,19:10:00,HAMILTON,Borough,5f,5,29.0,33.29,0.0060311346
2024-08-03,19:40:00,HAMILTON,Jordan Electrics,5f,1,3.5,4.26,0.10814227
2024-08-03,19:40:00,HAMILTON,Badri,5f,2,4.5,4.6,0.09643219
2024-08-03,19:40:00,HAMILTON,Dark Vintage,5f,4,4.5,4.93,0.34630796
2024-08-03,19:40:00,HAMILTON,Looking For Lynda,5f,3,6.0,6.43,0.15571812
2024-08-03,19:40:00,HAMILTON,Never Dark,5f,6,9.0,9.46,0.24095584
2024-08-03,19:40:00,HAMILTON,Digital,5f,5,9.5,11.5,0.23763996
2024-08-03,20:10:00,HAMILTON,Faylaq,1m5f,2,2.75,2.92,0.3479254
2024-08-03,20:10:00,HAMILTON,Quantum Leap,1m5f,3,2.88,3.08,0.75819814
2024-08-03,20:10:00,HAMILTON,Bringbackmemories,1m5f,1,4.5,4.77,0.38904583
2024-08-03,20:10:00,HAMILTON,Maso Bastie,1m5f,4,6.5,6.92,0.33847442
2024-08-03,20:40:00,HAMILTON,Humble Spark,1m3f,1,1.83,1.96,0.8410447
2024-08-03,20:40:00,HAMILTON,Kojin,1m3f,4,5.5,5.59,0.40860832
2024-08-03,20:40:00,HAMILTON,Bristol Hill,1m3f,5,5.5,6.03,0.29872546
2024-08-03,20:40:00,HAMILTON,Reveal,1m3f,2,9.5,11.09,0.0630266
2024-08-03,20:40:00,HAMILTON,Milltown Lily,1m3f,3,13.0,13.0,0.060287077
2024-07-19,17:30:00,HAMILTON,Mr Fantastic,6f,3,2.1,2.15,0.53408307
2024-07-19,17:30:00,HAMILTON,Jorge Alvares,6f,2,3.25,3.46,0.3954324
2024-07-19,17:30:00,HAMILTON,Ziggys Ariel,6f,1,6.5,7.6,0.23240566
2024-07-19,17:30:00,HAMILTON,Mr Cool,6f,4,12.0,14.28,0.113414496
2024-07-19,17:30:00,HAMILTON,Paulie Two Lockers,6f,6,15.0,17.53,0.23668006
2024-07-19,17:30:00,HAMILTON,Force Of Honour,6f,5,67.0,125.13,0.044690832
2024-07-19,17:30:00,HAMILTON,Max The Tiger,6f,7,151.0,303.96,0.017187346
2024-07-19,18:00:00,HAMILTON,Military Girl,6f,6,4.0,4.3,0.27226883
2024-07-19,18:00:00,HAMILTON,Educating Rita,6f,1,4.33,4.81,0.46191606
2024-07-19,18:00:00,HAMILTON,Toota,6f,3,5.0,5.53,0.4365925
2024-07-19,18:00:00,HAMILTON,Almanjoor,6f,7,5.5,6.4,0.14903757
2024-07-19,18:00:00,HAMILTON,Rex Carver,6f,5,10.0,11.37,0.2348257
2024-07-19,18:00:00,HAMILTON,Brooke Winder,6f,4,12.0,14.49,0.21915074
2024-07-19,18:00:00,HAMILTON,Dark Thunderstorm,6f,2,13.0,16.02,0.29726028
2024-07-19,18:35:00,HAMILTON,Jordan Electrics,6f,1,6.0,7.8,0.10274808
2024-07-19,18:35:00,HAMILTON,First Folio,6f,3,6.0,6.75,0.10991023
2024-07-19,18:35:00,HAMILTON,Londoner,6f,7,6.0,6.86,0.2052189
2024-07-19,18:35:00,HAMILTON,Tiriac,6f,5,6.5,8.0,0.41976276
2024-07-19,18:35:00,HAMILTON,Manila Scouse,6f,4,7.0,8.2,0.054347426
2024-07-19,18:35:00,HAMILTON,Rocket Rodney,6f,8,10.0,10.5,0.16740985
2024-07-19,18:35:00,HAMILTON,Silky Wilkie,6f,2,11.0,11.65,0.0155339325
2024-07-19,18:35:00,HAMILTON,Raatea,6f,9,12.0,12.8,0.011269048
2024-07-19,18:35:00,HAMILTON,Spangled Mac,6f,6,13.0,13.91,0.018849919
2024-07-19,19:10:00,HAMILTON,Kalpana,1m3f,1,1.83,1.95,0.8215533
2024-07-19,19:10:00,HAMILTON,Rouge Sellier,1m3f,4,5.5,6.4,0.68421984
2024-07-19,19:10:00,HAMILTON,Caviar Heights,1m3f,3,7.0,8.0,0.11853746
2024-07-19,19:10:00,HAMILTON,Gods Window,1m3f,2,7.5,8.0,0.124216974
2024-07-19,19:10:00,HAMILTON,Sea The Thunder,1m3f,5,10.0,13.0,0.08228747
2024-07-19,19:45:00,HAMILTON,Moon Flight,5f,3,4.5,4.88,0.35361573
2024-07-19,19:45:00,HAMILTON,Digital,5f,1,5.0,4.9,0.30999723
2024-07-19,19:45:00,HAMILTON,Winged Messenger,5f,5,6.5,7.37,0.28204608
2024-07-19,19:45:00,HAMILTON,Pop Star,5f,8,6.5,7.84,0.4033442
2024-07-19,19:45:00,HAMILTON,Love Wars,5f,7,7.0,7.62,0.17056921
2024-07-19,19:45:00,HAMILTON,Parisiac,5f,6,12.0,12.81,0.20276304
2024-07-19,19:45:00,HAMILTON,Count DOrsay,5f,4,13.0,18.49,0.02423109
2024-07-19,19:45:00,HAMILTON,Wee Fat Mac,5f,2,13.0,14.0,0.09507241
2024-07-19,20:20:00,HAMILTON,LEagle Aid,1m4f,5,2.5,2.54,0.8974841
2024-07-19,20:20:00,HAMILTON,Twoforthegutter,1m4f,3,5.0,5.9,0.33289456
2024-07-19,20:20:00,HAMILTON,Spanish Hustle,1m4f,1,5.0,5.8,0.20957969
2024-07-19,20:20:00,HAMILTON,Livinthelife,1m4f,2,6.0,6.88,0.2449721
2024-07-19,20:20:00,HAMILTON,Grey Nyle,1m4f,4,13.0,17.12,0.225994
2024-07-19,20:20:00,HAMILTON,Bebeto,1m4f,6,15.0,18.62,0.014470425
2024-07-19,20:50:00,HAMILTON,Penelopes Sister,1m5f,3,2.75,2.73,0.44322726
2024-07-19,20:50:00,HAMILTON,Elforleather,1m5f,2,4.0,4.67,0.47420973
2024-07-19,20:50:00,HAMILTON,Crystal Guard,1m5f,4,5.5,6.88,0.31132364
2024-07-19,20:50:00,HAMILTON,Peripeteia,1m5f,5,9.0,10.0,0.09983052
2024-07-19,20:50:00,HAMILTON,Russian Ballerina,1m5f,6,13.0,19.36,0.08286822
2024-07-19,20:50:00,HAMILTON,Major Snugfit,1m5f,7,13.0,14.46,0.035881344
2024-07-19,20:50:00,HAMILTON,Bristol Hill,1m5f,1,21.0,21.83,0.0040758555
2024-07-18,14:20:00,HAMILTON,Lady Luzon,5f,1,2.63,2.82,0.7033947
2024-07-18,14:20:00,HAMILTON,Kiss Me My Love,5f,4,2.88,3.15,0.5206554
2024-07-18,14:20:00,HAMILTON,J Street,5f,3,4.5,5.1,0.39788175
2024-07-18,14:20:00,HAMILTON,Station X,5f,2,12.0,12.0,0.27260086
2024-07-18,14:20:00,HAMILTON,Triple Charged,5f,5,19.0,22.92,0.1344918
2024-07-18,14:50:00,HAMILTON,Stormy Pearl,6f,1,4.5,5.82,0.5172019
2024-07-18,14:50:00,HAMILTON,Rain Cap,6f,5,5.5,6.17,0.16553228
2024-07-18,14:50:00,HAMILTON,The Gay Blade,6f,1,6.0,7.4,0.17906116
2024-07-18,14:50:00,HAMILTON,Global Humor,6f,6,7.0,7.72,0.13352597
2024-07-18,14:50:00,HAMILTON,Mr Trevor,6f,8,7.5,7.7,0.121390976
2024-07-18,14:50:00,HAMILTON,Empress Of Bough,6f,7,9.5,11.0,0.04979014
2024-07-18,14:50:00,HAMILTON,Redshore City,6f,4,10.0,13.5,0.21397737
2024-07-18,14:50:00,HAMILTON,John Kirkup,6f,3,12.0,13.0,0.014258345
2024-07-18,14:50:00,HAMILTON,Hard Solution,6f,9,34.0,48.29,0.019668639
2024-07-18,15:25:00,HAMILTON,Thunder Run,1m½f,1,1.22,1.26,0.94215804
2024-07-18,15:25:00,HAMILTON,Terre De Vega,1m½f,2,5.0,6.4,0.44324672
2024-07-18,15:25:00,HAMILTON,Celestial Wave,1m½f,3,13.0,26.0,0.11551277
2024-07-18,15:25:00,HAMILTON,Mix De Gris,1m½f,4,81.0,373.66,0.0022143333
2024-07-18,15:25:00,HAMILTON,Pennymuir,1m½f,5,201.0,1000.0,0.000941839
2024-07-18,15:25:00,HAMILTON,Leveche,1m½f,6,251.0,1000.0,0.005110989
2024-07-18,15:25:00,HAMILTON,Royal Duke,1m½f,7,251.0,1000.0,0.0015368039
2024-07-18,15:55:00,HAMILTON,Benacre,1m½f,2,4.0,4.39,0.73545223
2024-07-18,15:55:00,HAMILTON,Pisanello,1m½f,3,4.0,4.54,0.28170145
2024-07-18,15:55:00,HAMILTON,Moonspirit,1m½f,1,4.5,4.94,0.32211182
2024-07-18,15:55:00,HAMILTON,Tele Red,1m½f,5,5.5,6.0,0.34344065
2024-07-18,15:55:00,HAMILTON,Redarna,1m½f,4,6.0,6.86,0.23242599
2024-07-18,15:55:00,HAMILTON,Savrola,1m½f,6,17.0,18.54,0.022782918
2024-07-18,16:25:00,HAMILTON,Giselles Izzy,5f,5,2.38,2.43,0.61636364
2024-07-18,16:25:00,HAMILTON,Cuban Rock,5f,1,6.0,7.09,0.28903544
2024-07-18,16:25:00,HAMILTON,Protest Rally,5f,4,6.5,7.56,0.34342474
2024-07-18,16:25:00,HAMILTON,Kyber Crystal,5f,3,8.0,9.41,0.11909345
2024-07-18,16:25:00,HAMILTON,Missterious,5f,6,11.0,14.0,0.10770078
2024-07-18,16:25:00,HAMILTON,Astapor,5f,8,13.0,15.28,0.06015525
2024-07-18,16:25:00,HAMILTON,Musical Diva,5f,2,13.0,17.06,0.18960446
2024-07-18,16:25:00,HAMILTON,Mews House,5f,7,34.0,53.14,0.028301444
2024-07-18,16:55:00,HAMILTON,Humble Spark,1m3f,3,3.25,3.85,0.3534301
2024-07-18,16:55:00,HAMILTON,Change Of Fortune,1m3f,7,3.5,3.7,0.5087351
2024-07-18,16:55:00,HAMILTON,Ledger,1m3f,5,6.5,6.6,0.3125068
2024-07-18,16:55:00,HAMILTON,Cant Stop Now,1m3f,6,10.0,10.9,0.044760767
2024-07-18,16:55:00,HAMILTON,V Twelve,1m3f,1,10.0,11.5,0.038581453
2024-07-18,16:55:00,HAMILTON,Sycamore Gap,1m3f,2,10.0,12.74,0.28962743
2024-07-18,16:55:00,HAMILTON,Purple Gown,1m3f,4,13.0,15.83,0.03931507
2024-07-13,17:50:00,HAMILTON,Zaphea,5f,7,4.0,4.26,0.60097474
2024-07-13,17:50:00,HAMILTON,Impressor,5f,4,4.0,4.6,0.47777167
2024-07-13,17:50:00,HAMILTON,Lady Celia,5f,1,5.0,5.9,0.4470649
2024-07-13,17:50:00,HAMILTON,Borough,5f,5,10.0,12.3,0.05251738
2024-07-13,17:50:00,HAMILTON,Ski Angel,5f,6,10.0,10.31,0.14471683
2024-07-13,17:50:00,HAMILTON,Wee Fat Mac,5f,3,11.0,12.74,0.17072159
2024-07-13,17:50:00,HAMILTON,Cuban Rock,5f,2,13.0,16.0,0.19806184
2024-07-13,17:50:00,HAMILTON,Havana Rose,5f,8,13.0,15.19,0.18005483
2024-07-13,18:25:00,HAMILTON,Airspeed,5f,1,1.73,1.75,0.8973853
2024-07-13,18:25:00,HAMILTON,Joshuas Dream,5f,3,5.5,7.0,0.47398695
2024-07-13,18:25:00,HAMILTON,Tower Of Africa,5f,5,8.5,8.93,0.17382693
2024-07-13,18:25:00,HAMILTON,Inertia,5f,6,10.0,12.22,0.1258146
2024-07-13,18:25:00,HAMILTON,Beaujolais Nouveau,5f,2,13.0,17.07,0.04441885
2024-07-13,18:25:00,HAMILTON,River Blackwater,5f,4,21.0,28.0,0.117630154
2024-07-13,19:00:00,HAMILTON,Slainte Mhath,6f,4,3.5,3.65,0.37469682
2024-07-13,19:00:00,HAMILTON,Moyola,6f,5,3.5,3.7,0.75538373
2024-07-13,19:00:00,HAMILTON,Cold Stare,6f,6,6.0,6.75,0.19359219
2024-07-13,19:00:00,HAMILTON,Giselles Izzy,6f,1,6.0,6.8,0.1544428
2024-07-13,19:00:00,HAMILTON,Quintus Arrius,6f,3,9.5,11.69,0.13874124
2024-07-13,19:00:00,HAMILTON,Rory,6f,2,10.0,11.5,0.07405275
2024-07-13,19:30:00,HAMILTON,My Noble Lord,1m5f,1,1.8,1.92,0.760583
2024-07-13,19:30:00,HAMILTON,Tafsir,1m5f,3,6.0,7.36,0.42427236
2024-07-13,19:30:00,HAMILTON,Dark Jedi,1m5f,6,8.0,8.84,0.3260594
2024-07-13,19:30:00,HAMILTON,Two Auld Pals,1m5f,5,9.5,12.47,0.14409284
2024-07-13,19:30:00,HAMILTON,Ebony Maw,1m5f,2,11.0,12.0,0.14320141
2024-07-13,19:30:00,HAMILTON,Haveyoumissedme,1m5f,4,17.0,22.72,0.030980727
2024-07-13,19:30:00,HAMILTON,Eastvan,1m5f,7,67.0,130.0,0.010164633
2024-07-13,20:00:00,HAMILTON,Mysteryofthesands,1m½f,6,3.75,4.2,0.8008978
2024-07-13,20:00:00,HAMILTON,Classy Boy,1m½f,3,5.0,5.2,0.76802224
2024-07-13,20:00:00,HAMILTON,Arkenstaar,1m½f,4,7.0,8.4,0.27400047
2024-07-13,20:00:00,HAMILTON,Helter Skelter,1m½f,2,7.0,7.87,0.24154872
2024-07-13,20:00:00,HAMILTON,Gainsbourg,1m½f,1,9.0,9.8,0.20007451
2024-07-13,20:00:00,HAMILTON,Naval Academy,1m½f,7,11.0,15.16,0.13175492
2024-07-13,20:00:00,HAMILTON,Makeen,1m½f,5,11.0,12.63,0.19725588
2024-07-13,20:00:00,HAMILTON,Beltane,1m½f,8,15.0,16.4,0.06303143
2024-07-13,20:00:00,HAMILTON,Banner Road,1m½f,9,29.0,38.0,0.0075912345
2024-07-13,20:30:00,HAMILTON,Jumeira Vision,1m½f,1,3.25,3.55,0.6886755
2024-07-13,20:30:00,HAMILTON,Pacos Pride,1m½f,3,3.5,3.53,0.5154738
2024-07-13,20:30:00,HAMILTON,Inanna,1m½f,5,5.0,5.52,0.54072165
2024-07-13,20:30:00,HAMILTON,Cage Rattler,1m½f,4,5.5,6.86,0.45498088
2024-07-13,20:30:00,HAMILTON,Millbuie,1m½f,2,8.0,8.8,0.46823373
2024-07-13,21:00:00,HAMILTON,Penelopes Sister,1m3f,2,4.5,4.99,0.6598939
2024-07-13,21:00:00,HAMILTON,Ledger,1m3f,3,4.5,5.4,0.70305264
2024-07-13,21:00:00,HAMILTON,Jaminoz,1m3f,4,6.5,7.34,0.17313866
2024-07-13,21:00:00,HAMILTON,Golden Echo,1m3f,1,7.5,8.34,0.18163337
2024-07-13,21:00:00,HAMILTON,Sycamore Gap,1m3f,7,8.5,9.74,0.18864761
2024-07-13,21:00:00,HAMILTON,Lunacy,1m3f,9,11.0,14.46,0.030883752
2024-07-13,21:00:00,HAMILTON,Visitant,1m3f,8,12.0,14.0,0.052121628
2024-07-13,21:00:00,HAMILTON,Miss Harmony,1m3f,5,15.0,16.85,0.08265212
2024-07-13,21:00:00,HAMILTON,Epona Pas,1m3f,6,15.0,18.03,0.07746552
2024-07-02,14:15:00,HAMILTON,Simply Blue,6f,2,1.73,1.78,0.8821291
2024-07-02,14:15:00,HAMILTON,Our Mighty Mo,6f,3,6.0,7.14,0.34499633
2024-07-02,14:15:00,HAMILTON,Cape Sovereign,6f,4,8.0,10.66,0.4448654
2024-07-02,14:15:00,HAMILTON,Sealine,6f,5,9.5,12.49,0.18505152
2024-07-02,14:15:00,HAMILTON,Urban Sky,6f,1,15.0,22.0,0.20475887
2024-07-02,14:15:00,HAMILTON,Corpus Juris,6f,6,17.0,18.5,0.055148143
2024-07-02,14:15:00,HAMILTON,Max The Tiger,6f,7,101.0,156.74,0.006029009
2024-07-02,14:45:00,HAMILTON,Individualism,1m½f,2,2.75,2.79,0.64395607
2024-07-02,14:45:00,HAMILTON,Jonny Concrete,1m½f,4,5.0,5.88,0.50147516
2024-07-02,14:45:00,HAMILTON,Rose Branch,1m½f,5,5.0,5.97,0.22402808
2024-07-02,14:45:00,HAMILTON,Mysteryofthesands,1m½f,1,7.0,8.27,0.29300433
2024-07-02,14:45:00,HAMILTON,Wait And Hope,1m½f,6,9.0,9.72,0.5145142
2024-07-02,14:45:00,HAMILTON,Miaswell,1m½f,3,13.0,15.91,0.06524203
2024-07-02,15:15:00,HAMILTON,Aragon Castle,1m½f,1,2.63,2.76,0.7805641
2024-07-02,15:15:00,HAMILTON,Dutch Decoy,1m½f,5,6.0,7.61,0.15774457
2024-07-02,15:15:00,HAMILTON,Bubbles Wonky,1m½f,4,7.5,8.6,0.05027932
2024-07-02,15:15:00,HAMILTON,James McHenry,1m½f,2,10.0,12.0,0.10560124
2024-07-02,15:15:00,HAMILTON,Londoner,1m½f,7,11.0,13.23,0.17842896
2024-07-02,15:15:00,HAMILTON,Expert Choice,1m½f,6,12.0,16.74,0.0255003
2024-07-02,15:15:00,HAMILTON,Pisanello,1m½f,3,13.0,15.37,0.02606224
2024-07-02,15:15:00,HAMILTON,Hiromichi,1m½f,9,13.0,15.5,0.04738082
2024-07-02,15:15:00,HAMILTON,Chuzzlewit,1m½f,8,15.0,19.63,0.13843673
2024-07-02,15:45:00,HAMILTON,Jordan Electrics,6f,1,2.88,3.15,0.27692118
2024-07-02,15:45:00,HAMILTON,Sacred Falls,6f,4,3.5,3.36,0.4742022
2024-07-02,15:45:00,HAMILTON,Catherine Chroi,6f,3,5.0,5.94,0.42650795
2024-07-02,15:45:00,HAMILTON,Havana Rum,6f,2,6.0,6.4,0.13562754
2024-07-02,15:45:00,HAMILTON,Secret Road,6f,5,12.0,15.33,0.051975362
2024-07-02,16:15:00,HAMILTON,LEagle Aid,1m4f,4,4.0,3.95,0.562006
2024-07-02,16:15:00,HAMILTON,Percy Shelley,1m4f,3,4.5,4.86,0.23885454
2024-07-02,16:15:00,HAMILTON,Victory Shout,1m4f,1,4.5,4.8,0.55377334
2024-07-02,16:15:00,HAMILTON,Quantum Leap,1m4f,2,6.0,6.9,0.21088357
2024-07-02,16:15:00,HAMILTON,Dunstan,1m4f,6,6.5,7.2,0.2697641
2024-07-02,16:15:00,HAMILTON,Wickywickywheels,1m4f,5,13.0,16.78,0.07728904
2024-07-02,16:52:00,HAMILTON,Lady Bouquet,5f,1,2.5,2.63,0.6827766
2024-07-02,16:52:00,HAMILTON,Hard Solution,5f,5,5.5,5.81,0.2551047
2024-07-02,16:52:00,HAMILTON,Hardy Angel,5f,6,6.0,7.06,0.19041559
2024-07-02,16:52:00,HAMILTON,Sound Of Iona,5f,4,6.0,6.64,0.36872613
2024-07-02,16:52:00,HAMILTON,Tees Douge,5f,3,7.5,8.21,0.4446228
2024-07-02,16:52:00,HAMILTON,Missterious,5f,2,19.0,23.67,0.049250744
2024-06-27,17:45:00,HAMILTON,Tafsir,1m5f,1,2.63,2.62,0.76227003
2024-06-27,17:45:00,HAMILTON,Rory The Cat,1m5f,6,6.0,7.93,0.20316583
2024-06-27,17:45:00,HAMILTON,Cuban Cigar,1m5f,4,7.0,8.33,0.15284367
2024-06-27,17:45:00,HAMILTON,The Dancing Poet,1m5f,5,7.0,8.4,0.16702846
2024-06-27,17:45:00,HAMILTON,Zephlyn,1m5f,7,9.5,11.5,0.17855716
2024-06-27,17:45:00,HAMILTON,Myboymax,1m5f,2,11.0,13.27,0.09601259
2024-06-27,17:45:00,HAMILTON,Foveros,1m5f,8,15.0,18.68,0.063359186
2024-06-27,17:45:00,HAMILTON,Lindwall,1m5f,3,23.0,29.0,0.0038365216
2024-06-27,17:45:00,HAMILTON,Ivynator,1m5f,9,126.0,270.0,0.0019859266
2024-06-27,18:15:00,HAMILTON,Hardlass,5f,5,3.0,3.43,0.5639313
2024-06-27,18:15:00,HAMILTON,I Got Soul,5f,1,3.75,3.9,0.52824837
2024-06-27,18:15:00,HAMILTON,Sands Of Dubai,5f,2,3.75,4.0,0.63037574
2024-06-27,18:15:00,HAMILTON,River Blackwater,5f,4,9.5,12.09,0.13255738
2024-06-27,18:15:00,HAMILTON,Tippy Top,5f,3,15.0,17.55,0.025715021
2024-06-27,18:15:00,HAMILTON,Premium Pass,5f,7,21.0,26.2,0.13319123
2024-06-27,18:15:00,HAMILTON,Charm Runner,5f,6,26.0,30.72,0.066015914
2024-06-27,18:45:00,HAMILTON,Honour Your Dreams,5f,3,2.5,2.6,0.8317996
2024-06-27,18:45:00,HAMILTON,One Of Our Own,5f,5,4.6,5.68,0.3508147
2024-06-27,18:45:00,HAMILTON,Mokaatil,5f,2,5.0,6.29,0.20856139
2024-06-27,18:45:00,HAMILTON,Zaphea,5f,1,5.5,6.54,0.38563037
2024-06-27,18:45:00,HAMILTON,Hard Solution,5f,6,11.0,13.32,0.28264013
2024-06-27,18:45:00,HAMILTON,Earn Your Stripes,5f,4,26.0,37.27,0.0064424654
2024-06-27,19:15:00,HAMILTON,Jordan Electrics,5f,1,2.88,3.15,0.4203093
2024-06-27,19:15:00,HAMILTON,Zarzyni,5f,7,3.25,3.72,0.31851465
2024-06-27,19:15:00,HAMILTON,Mutamanni,5f,6,5.0,6.55,0.65580964
2024-06-27,19:15:00,HAMILTON,Digital,5f,2,8.5,10.5,0.16998997
2024-06-27,19:15:00,HAMILTON,Never Dark,5f,3,11.0,12.5,0.19108595
2024-06-27,19:15:00,HAMILTON,Myconian,5f,4,26.0,30.61,0.051215004
2024-06-27,19:15:00,HAMILTON,Ganesha,5f,5,29.0,42.24,0.01557898
2024-06-27,19:15:00,HAMILTON,Pockley,5f,8,34.0,46.49,0.03672107
2024-06-27,19:45:00,HAMILTON,Wafei,1m1f,1,1.2,1.25,0.94793063
2024-06-27,19:45:00,HAMILTON,Twin Earth,1m1f,4,6.5,13.45,0.14719875
2024-06-27,19:45:00,HAMILTON,Royal College,1m1f,3,9.5,14.0,0.20489672
2024-06-27,19:45:00,HAMILTON,Thomas G,1m1f,2,26.0,38.0,0.018784417
2024-06-27,19:45:00,HAMILTON,Pennymuir,1m1f,5,81.0,179.56,0.0040612714
2024-06-27,19:45:00,HAMILTON,Royal Duke,1m1f,7,151.0,651.73,0.0012001701
2024-06-27,19:45:00,HAMILTON,Crafty Dancer,1m1f,6,201.0,710.0,0.003774239
2024-06-27,20:15:00,HAMILTON,Clear Storm,1m3f,2,2.25,2.38,0.7266142
2024-06-27,20:15:00,HAMILTON,Reyaadah Star,1m3f,3,4.5,5.1,0.562544
2024-06-27,20:15:00,HAMILTON,Purple Gown,1m3f,4,6.0,7.0,0.4956457
2024-06-27,20:15:00,HAMILTON,Typical Woman,1m3f,5,6.5,7.0,0.16116546
2024-06-27,20:15:00,HAMILTON,Kinematica,1m3f,6,10.0,11.16,0.27948087
2024-06-27,20:15:00,HAMILTON,Penelopes Sister,1m3f,1,34.0,51.9,0.0013807485
2024-06-27,20:45:00,HAMILTON,Cuban Rock,6f,6,2.5,2.69,0.6445693
2024-06-27,20:45:00,HAMILTON,So Grateful,6f,4,4.33,4.6,0.38267323
2024-06-27,20:45:00,HAMILTON,Captain Dandy,6f,2,4.5,5.77,0.6440577
2024-06-27,20:45:00,HAMILTON,Giselles Izzy,6f,3,6.5,8.8,0.14394161
2024-06-27,20:45:00,HAMILTON,Thaki,6f,1,13.0,16.61,0.14307599
2024-06-27,20:45:00,HAMILTON,Hardman,6f,5,19.0,22.95,0.030502992
2024-06-27,20:45:00,HAMILTON,Chookie Dunedin,6f,7,67.0,120.0,0.01048732
2024-06-19,13:45:00,HAMILTON,Twoforthegutter,1m5f,1,2.1,2.15,0.6762142
2024-06-19,13:45:00,HAMILTON,The Navigator,1m5f,2,4.5,5.12,0.24360363
2024-06-19,13:45:00,HAMILTON,Crystal Guard,1m5f,3,7.0,7.6,0.45824262
2024-06-19,13:45:00,HAMILTON,Laudable,1m5f,5,8.0,8.8,0.11125064
2024-06-19,13:45:00,HAMILTON,Epona Pas,1m5f,4,12.0,12.42,0.36615488
2024-06-19,13:45:00,HAMILTON,Moush,1m5f,6,29.0,44.62,0.0188665
2024-06-19,13:45:00,HAMILTON,Pammi,1m5f,7,51.0,108.05,0.0112695
2024-06-19,14:15:00,HAMILTON,Georgecandoit,5f,3,1.62,1.68,0.9059276
2024-06-19,14:15:00,HAMILTON,Jungle Drums,5f,1,2.88,3.46,0.76224256
2024-06-19,14:15:00,HAMILTON,Gobsmacked,5f,4,15.0,22.09,0.2820972
2024-06-19,14:15:00,HAMILTON,Joshuas Dream,5f,2,26.0,32.0,0.040651854
2024-06-19,14:15:00,HAMILTON,Tippy Top,5f,5,41.0,65.0,0.016275452
2024-06-19,14:50:00,HAMILTON,Gold Black,6f,4,3.0,3.43,0.61911637
2024-06-19,14:50:00,HAMILTON,Herecomesthebear,6f,6,3.5,3.61,0.5002512
2024-06-19,14:50:00,HAMILTON,Triple Charged,6f,7,7.5,10.32,0.36981204
2024-06-19,14:50:00,HAMILTON,Pretty Thing,6f,2,8.0,10.0,0.25440985
2024-06-19,14:50:00,HAMILTON,Shazani,6f,1,9.5,13.0,0.06453418
2024-06-19,14:50:00,HAMILTON,Lucius Aurelius,6f,8,10.0,12.0,0.15650745
2024-06-19,14:50:00,HAMILTON,Force Of Honour,6f,5,21.0,24.0,0.17846416
2024-06-19,14:50:00,HAMILTON,Who Wants Me,6f,3,29.0,37.31,0.14332347
2024-06-19,15:30:00,HAMILTON,Spanish Hustle,1m3f,2,2.38,2.52,0.6740984
2024-06-19,15:30:00,HAMILTON,Jaminoz,1m3f,6,4.0,4.83,0.566553
2024-06-19,15:30:00,HAMILTON,Bohemian Breeze,1m3f,3,7.5,9.03,0.26162106
2024-06-19,15:30:00,HAMILTON,Hondo,1m3f,7,9.0,9.6,0.41027462
2024-06-19,15:30:00,HAMILTON,Tilsitt,1m3f,4,12.0,17.5,0.014007814
2024-06-19,15:30:00,HAMILTON,Jackhammer,1m3f,5,12.0,13.68,0.04586596
2024-06-19,15:30:00,HAMILTON,Purple Gown,1m3f,1,19.0,25.46,0.038395777
2024-06-19,16:10:00,HAMILTON,Jazz Scene,1m½f,1,2.75,3.01,0.60120636
2024-06-19,16:10:00,HAMILTON,Mysteryofthesands,1m½f,2,3.5,3.58,0.36974764
2024-06-19,16:10:00,HAMILTON,John L Sullivan,1m½f,4,4.33,4.7,0.157558
2024-06-19,16:10:00,HAMILTON,Rosenzoo,1m½f,5,6.5,7.35,0.2328619
2024-06-19,16:10:00,HAMILTON,Finn Ironside,1m½f,3,17.0,21.0,0.06966651
2024-06-19,16:50:00,HAMILTON,Naturalia,1m½f,2,3.25,3.4,0.77166116
2024-06-19,16:50:00,HAMILTON,Persian Phoenix,1m½f,3,3.5,4.01,0.7180444
2024-06-19,16:50:00,HAMILTON,Amayretto,1m½f,5,6.5,6.8,0.38622943
2024-06-19,16:50:00,HAMILTON,Rose Branch,1m½f,1,7.5,8.25,0.08465654
2024-06-19,16:50:00,HAMILTON,Capellina,1m½f,6,8.0,8.56,0.12049941
2024-06-19,16:50:00,HAMILTON,Banner Road,1m½f,4,10.0,10.01,0.094428286
2024-06-19,17:25:00,HAMILTON,Hot Team,1m1f,1,4.33,4.96,0.28090608
2024-06-19,17:25:00,HAMILTON,Best Guess,1m1f,10,21.0,27.0,0.03279396
2024-06-19,17:25:00,HAMILTON,Sea Girt,1m1f,7,5.0,5.67,0.55083853
2024-06-19,17:25:00,HAMILTON,Zumaaty,1m1f,9,7.0,8.4,0.06593905
2024-06-19,17:25:00,HAMILTON,Propagation,1m1f,8,8.0,9.84,0.08943381
2024-06-19,17:25:00,HAMILTON,Pacos Pride,1m1f,2,8.5,9.4,0.07052905
2024-06-19,17:25:00,HAMILTON,Knight Of Magic,1m1f,4,11.0,12.92,0.035304736
2024-06-19,17:25:00,HAMILTON,Penelopes Sister,1m1f,6,12.0,12.41,0.017130427
2024-06-19,17:25:00,HAMILTON,Anjician,1m1f,5,17.0,20.26,0.021594347
2024-06-19,17:25:00,HAMILTON,National Question,1m1f,3,19.0,24.38,0.07495951
2024-06-12,18:20:00,HAMILTON,Mr Trevor,6f,9,4.2,5.07,0.62984383
2024-06-12,18:20:00,HAMILTON,Jackmeister Rudi,6f,10,34.0,60.0,0.091014385
2024-06-12,18:20:00,HAMILTON,Ben Dikduk,6f,1,34.0,42.7,0.012216301
2024-06-12,18:20:00,HAMILTON,Sirius White,6f,3,41.0,83.78,0.042477883
2024-06-12,18:20:00,HAMILTON,Dodgy Bob,6f,12,51.0,74.92,0.0028813535
2024-06-12,18:20:00,HAMILTON,Savalas,6f,11,67.0,100.38,0.0023128232
2024-06-12,18:20:00,HAMILTON,Stormy Pearl,6f,2,6.0,7.24,0.26863676
2024-06-12,18:20:00,HAMILTON,The Gay Blade,6f,5,6.5,8.53,0.18433283
2024-06-12,18:20:00,HAMILTON,Gatwick Kitten,6f,14,8.0,8.35,0.17901891
2024-06-12,18:20:00,HAMILTON,Global Humor,6f,6,8.5,11.85,0.02741006
2024-06-12,18:20:00,HAMILTON,Captain Dandy,6f,4,8.5,9.05,0.18295608
2024-06-12,18:20:00,HAMILTON,Bernie The Bear,6f,13,13.0,17.73,0.22662748
2024-06-12,18:20:00,HAMILTON,Hard Solution,6f,7,15.0,17.88,0.038634956
2024-06-12,18:20:00,HAMILTON,Peachey Carnehan,6f,8,15.0,20.49,0.07798302
2024-06-12,18:50:00,HAMILTON,Dramatic Star,1m3f,1,1.44,1.56,0.87911
2024-06-12,18:50:00,HAMILTON,Temple City,1m3f,2,4.5,4.7,0.43416217
2024-06-12,18:50:00,HAMILTON,Wadacre Tivoli,1m3f,3,10.0,20.36,0.14875415
2024-06-12,18:50:00,HAMILTON,Lucykeys,1m3f,4,10.0,24.0,0.075436614
2024-06-12,18:50:00,HAMILTON,Grey Nyle,1m3f,6,26.0,19.8,0.014759182
2024-06-12,18:50:00,HAMILTON,Pivotal Bear,1m3f,8,34.0,85.3,0.007817997
2024-06-12,18:50:00,HAMILTON,Bebeto,1m3f,5,101.0,312.51,0.0017692441
2024-06-12,18:50:00,HAMILTON,Trojan Sun,1m3f,7,151.0,824.47,0.0043835146
2024-06-12,19:20:00,HAMILTON,Angel Of England,6f,5,3.25,3.54,0.832244
2024-06-12,19:20:00,HAMILTON,Dubai Hills,6f,4,5.0,5.8,0.3793508
2024-06-12,19:20:00,HAMILTON,Pals Battalion,6f,2,6.0,6.15,0.21439445
2024-06-12,19:20:00,HAMILTON,Mr Irrelevant,6f,3,6.0,7.14,0.6937889
2024-06-12,19:20:00,HAMILTON,Bengurion,6f,6,6.0,7.15,0.54221743
2024-06-12,19:20:00,HAMILTON,Moyola,6f,1,9.5,9.8,0.37721044
2024-06-12,19:50:00,HAMILTON,Sacred Falls,6f,3,2.63,2.68,0.7062406
2024-06-12,19:50:00,HAMILTON,Jordan Electrics,6f,1,3.25,3.6,0.21154116
2024-06-12,19:50:00,HAMILTON,Winter Crown,6f,2,4.5,4.86,0.45175686
2024-06-12,19:50:00,HAMILTON,How Impressive,6f,4,7.0,7.69,0.16180278
2024-06-12,19:50:00,HAMILTON,Jump The Gun,6f,6,29.0,42.24,0.008969956
2024-06-12,19:50:00,HAMILTON,Pockley,6f,5,34.0,47.46,0.0075766104
2024-06-12,20:25:00,HAMILTON,Ski Angel,5f,6,3.25,3.5,0.76325697
2024-06-12,20:25:00,HAMILTON,Sound Reason,5f,4,4.5,5.0,0.5014876
2024-06-12,20:25:00,HAMILTON,Aces Wild,5f,5,6.0,6.8,0.26242873
2024-06-12,20:25:00,HAMILTON,Wee Fat Mac,5f,7,10.0,14.0,0.10469469
2024-06-12,20:25:00,HAMILTON,Borough,5f,9,10.0,14.0,0.16733116
2024-06-12,20:25:00,HAMILTON,Dicko The Legend,5f,3,11.0,13.5,0.4531089
2024-06-12,20:25:00,HAMILTON,Newyorkstateofmind,5f,1,12.0,14.11,0.29659334
2024-06-12,20:25:00,HAMILTON,Henery Hawk,5f,8,19.0,23.24,0.09023949
2024-06-12,20:25:00,HAMILTON,Cuban Rock,5f,2,21.0,23.68,0.02324764
2024-06-12,21:00:00,HAMILTON,Shahnaz,1m½f,1,3.5,3.56,0.27813423
2024-06-12,21:00:00,HAMILTON,Miltonia,1m½f,9,26.0,30.67,0.0390765
2024-06-12,21:00:00,HAMILTON,Chinese Spirit,1m½f,7,34.0,64.02,0.032242138
2024-06-12,21:00:00,HAMILTON,Retirement Beckons,1m½f,6,41.0,70.91,0.021560876
2024-06-12,21:00:00,HAMILTON,Bellslea,1m½f,13,81.0,142.0,0.013571422
2024-06-12,21:00:00,HAMILTON,Ledger,1m½f,3,4.5,4.88,0.64764166
2024-06-12,21:00:00,HAMILTON,True Nation,1m½f,2,5.0,6.29,0.31647992
2024-06-12,21:00:00,HAMILTON,Jaminoz,1m½f,4,8.5,12.29,0.22770655
2024-06-12,21:00:00,HAMILTON,Epona Pas,1m½f,11,13.0,18.55,0.2868565
2024-06-12,21:00:00,HAMILTON,Vitrina,1m½f,10,15.0,22.03,0.0636521
2024-06-12,21:00:00,HAMILTON,Dingwall,1m½f,5,17.0,20.16,0.040791586
2024-06-12,21:00:00,HAMILTON,National Question,1m½f,12,19.0,27.0,0.086808644
2024-06-12,21:00:00,HAMILTON,Golden Valour,1m½f,8,23.0,32.0,0.0054549193
2024-06-06,14:25:00,HAMILTON,Komorkis,6f,3,3.25,3.6,0.6852029
2024-06-06,14:25:00,HAMILTON,Liberalised,6f,1,3.5,3.71,0.6084729
2024-06-06,14:25:00,HAMILTON,Rogue Dynasty,6f,7,5.5,6.4,0.5613285
2024-06-06,14:25:00,HAMILTON,Pure Artistry,6f,4,6.5,8.34,0.47206318
2024-06-06,14:25:00,HAMILTON,Auntie Jo,6f,5,8.0,8.26,0.5492871
2024-06-06,14:25:00,HAMILTON,Layaali,6f,6,26.0,34.08,0.01571243
2024-06-06,14:25:00,HAMILTON,Selection,6f,2,41.0,67.12,0.086112745
2024-06-06,14:55:00,HAMILTON,Burj Malinka,5f,3,4.0,4.0,0.4786911
2024-06-06,14:55:00,HAMILTON,Huddle Up,5f,7,4.0,4.38,0.41020548
2024-06-06,14:55:00,HAMILTON,Back Tomorrow,5f,8,41.0,89.83,0.039808083
2024-06-06,14:55:00,HAMILTON,Modular Magic,5f,10,41.0,70.0,0.020445518
2024-06-06,14:55:00,HAMILTON,Leodis Dream,5f,9,7.5,9.8,0.16531318
2024-06-06,14:55:00,HAMILTON,Count DOrsay,5f,2,8.5,10.86,0.2755244
2024-06-06,14:55:00,HAMILTON,Sound Reason,5f,4,10.0,13.67,0.3600095
2024-06-06,14:55:00,HAMILTON,Stone Circle,5f,6,10.0,11.75,0.1672937
2024-06-06,14:55:00,HAMILTON,Digital,5f,1,13.0,18.34,0.06001258
2024-06-06,14:55:00,HAMILTON,Impressor,5f,5,15.0,19.5,0.058483437
2024-06-06,14:55:00,HAMILTON,Pockley,5f,11,26.0,42.35,0.011886488
2024-06-06,15:25:00,HAMILTON,Glenfinnan,6f,3,5.0,5.98,0.507806
2024-06-06,15:25:00,HAMILTON,Manila Scouse,6f,1,19.0,24.0,0.16048506
2024-06-06,15:25:00,HAMILTON,Illusionist,6f,11,23.0,30.0,0.005658183
2024-06-06,15:25:00,HAMILTON,Almarada Prince,6f,4,6.0,7.4,0.18269715
2024-06-06,15:25:00,HAMILTON,Kelpie Grey,6f,6,6.0,6.18,0.37324896
2024-06-06,15:25:00,HAMILTON,Monsieur Kodi,6f,5,7.5,8.7,0.103400685
2024-06-06,15:25:00,HAMILTON,Dare To Hope,6f,2,7.5,8.71,0.16996661
2024-06-06,15:25:00,HAMILTON,Paws For Thought,6f,8,10.0,11.8,0.103193544
2024-06-06,15:25:00,HAMILTON,Roman Dragon,6f,9,13.0,17.0,0.0076248962
2024-06-06,15:25:00,HAMILTON,Persuasion,6f,10,15.0,20.0,0.04666805
2024-06-06,15:25:00,HAMILTON,Raatea,6f,7,17.0,19.83,0.019988034
2024-06-06,15:55:00,HAMILTON,Bur Dubai,1m1f,3,2.5,2.5,0.59944296
2024-06-06,15:55:00,HAMILTON,Good Morning Alex,1m1f,1,5.5,6.35,0.3334285
2024-06-06,15:55:00,HAMILTON,Keep Warm,1m1f,6,7.5,8.89,0.088064454
2024-06-06,15:55:00,HAMILTON,Up The Jazz,1m1f,2,10.0,13.5,0.12802187
2024-06-06,15:55:00,HAMILTON,Sindoriyno,1m1f,4,11.0,15.0,0.036326386
2024-06-06,15:55:00,HAMILTON,Offer And Receive,1m1f,5,12.0,13.08,0.13043323
2024-06-06,15:55:00,HAMILTON,Cloud Free,1m1f,8,12.0,15.31,0.2752761
2024-06-06,15:55:00,HAMILTON,Arantes Nascimento,1m1f,7,19.0,27.55,0.010620421
2024-06-06,16:30:00,HAMILTON,Flight Of Angels,1m1f,5,4.6,5.54,0.6669309
2024-06-06,16:30:00,HAMILTON,Bashful,1m1f,6,5.0,5.9,0.3033214
2024-06-06,16:30:00,HAMILTON,El Pro,1m1f,7,5.0,5.7,0.26230443
2024-06-06,16:30:00,HAMILTON,Hortzadar,1m1f,2,6.0,6.15,0.24277808
2024-06-06,16:30:00,HAMILTON,Hey Lyla,1m1f,1,7.5,8.2,0.13386805
2024-06-06,16:30:00,HAMILTON,Jackhammer,1m1f,4,9.0,9.31,0.12732732
2024-06-06,16:30:00,HAMILTON,Shine On Brendan,1m1f,3,11.0,12.3,0.29720572
2024-06-06,17:05:00,HAMILTON,Lincoln Rockstar,1m4f,5,3.25,3.55,0.73313755
2024-06-06,17:05:00,HAMILTON,Executive Pool,1m4f,8,5.5,5.75,0.25092465
2024-06-06,17:05:00,HAMILTON,Hot Team,1m4f,3,6.5,8.07,0.09489924
2024-06-06,17:05:00,HAMILTON,Billy Bathgate,1m4f,6,7.5,8.66,0.13448319
2024-06-06,17:05:00,HAMILTON,Twoforthegutter,1m4f,1,8.0,8.74,0.39449024
2024-06-06,17:05:00,HAMILTON,Humble Spark,1m4f,2,9.0,11.03,0.0796733
2024-06-06,17:05:00,HAMILTON,Casa Luna,1m4f,7,11.0,13.49,0.031743173
2024-06-06,17:05:00,HAMILTON,The Navigator,1m4f,4,29.0,35.06,0.008252519
2024-06-06,17:05:00,HAMILTON,Coeur De Coeurs,1m4f,9,67.0,100.0,0.012494523
2024-06-02,15:40:00,HAMILTON,Catalyse,6f,1,2.25,2.32,0.791791
2024-06-02,15:40:00,HAMILTON,Dolce Vitta,6f,5,3.5,3.77,0.32423735
2024-06-02,15:40:00,HAMILTON,Hot Property,6f,4,9.0,10.5,0.51805186
2024-06-02,15:40:00,HAMILTON,Motawahij,6f,2,9.0,10.34,0.486334
2024-06-02,15:40:00,HAMILTON,Proud To Be Fox,6f,3,12.0,14.57,0.065137446
2024-06-02,15:40:00,HAMILTON,Blue Lakota,6f,6,19.0,21.92,0.22738792
2024-06-02,16:10:00,HAMILTON,Align The Stars,1m3f,3,2.38,2.52,0.8594343
2024-06-02,16:10:00,HAMILTON,Victory Shout,1m3f,2,3.25,3.39,0.4500562
2024-06-02,16:10:00,HAMILTON,Whathappensinvegas,1m3f,1,4.5,5.16,0.32841206
2024-06-02,16:10:00,HAMILTON,Alacrity,1m3f,4,8.0,8.59,0.20334458
2024-06-02,16:40:00,HAMILTON,Fairbanks,1m5f,2,2.88,3.1,0.7249548
2024-06-02,16:40:00,HAMILTON,Dark Moon Rising,1m5f,1,29.0,41.43,0.008745814
2024-06-02,16:40:00,HAMILTON,Wickywickywheels,1m5f,9,29.0,40.0,0.00524662
2024-06-02,16:40:00,HAMILTON,Simple Star,1m5f,11,29.0,47.36,0.008060581
2024-06-02,16:40:00,HAMILTON,Too Friendly,1m5f,4,5.5,6.49,0.14385049
2024-06-02,16:40:00,HAMILTON,Geremia,1m5f,6,8.0,9.8,0.113169394
2024-06-02,16:40:00,HAMILTON,Capital Theory,1m5f,12,8.5,9.49,0.032836586
2024-06-02,16:40:00,HAMILTON,Faylaq,1m5f,3,12.0,13.92,0.051114388
2024-06-02,16:40:00,HAMILTON,Toshizou,1m5f,10,13.0,18.0,0.016527046
2024-06-02,16:40:00,HAMILTON,Hope You Can Run,1m5f,8,13.0,14.79,0.073387854
2024-06-02,16:40:00,HAMILTON,Dark Jedi,1m5f,5,17.0,22.74,0.00960057
2024-06-02,16:40:00,HAMILTON,Maasai Mara,1m5f,7,23.0,29.81,0.0038466034
2024-06-02,17:10:00,HAMILTON,American Affair,5f,2,4.33,5.05,0.30350187
2024-06-02,17:10:00,HAMILTON,Marine Wave,5f,3,23.0,24.02,0.06507067
2024-06-02,17:10:00,HAMILTON,Zarzyni,5f,7,23.0,29.53,0.018815687
2024-06-02,17:10:00,HAMILTON,Jordan Electrics,5f,14,23.0,35.4,0.014937681
2024-06-02,17:10:00,HAMILTON,Be Proud,5f,15,34.0,39.83,0.002949372
2024-06-02,17:10:00,HAMILTON,Moon Flight,5f,5,34.0,43.34,0.001637581
2024-06-02,17:10:00,HAMILTON,Never Dark,5f,12,81.0,150.51,0.0051484522
2024-06-02,17:10:00,HAMILTON,Aberama Gold,5f,7,5.5,5.89,0.06378973
2024-06-02,17:10:00,HAMILTON,Kings Lynn,5f,4,7.0,9.1,0.046207838
2024-06-02,17:10:00,HAMILTON,Jm Jungle,5f,11,7.5,8.6,0.1141532
2024-06-02,17:10:00,HAMILTON,Desperate Hero,5f,1,10.0,12.69,0.012721786
2024-06-02,17:10:00,HAMILTON,Bergerac,5f,9,12.0,14.45,0.007296679
2024-06-02,17:10:00,HAMILTON,Makanah,5f,10,17.0,19.0,0.05777745
2024-06-02,17:10:00,HAMILTON,Dickieburd,5f,13,17.0,25.0,0.02120037
2024-06-02,17:10:00,HAMILTON,Reigning Profit,5f,6,21.0,28.0,0.026953425
2024-06-02,17:40:00,HAMILTON,Warda Jamila,1m1f,4,2.63,2.74,0.7662016
2024-06-02,17:40:00,HAMILTON,Star Jasmine,1m1f,3,4.5,5.25,0.4689098
2024-06-02,17:40:00,HAMILTON,Strong Impact,1m1f,2,5.5,6.0,0.20933722
2024-06-02,17:40:00,HAMILTON,Fiver Friday,1m1f,1,8.5,9.23,0.11895716
2024-06-02,17:40:00,HAMILTON,Cloudy Skye,1m1f,5,9.5,11.69,0.10963267
2024-06-02,17:40:00,HAMILTON,Carolina Reaper,1m1f,6,11.0,14.5,0.18419777
2024-06-02,17:40:00,HAMILTON,Our Town,1m1f,7,51.0,67.85,0.013126107
2024-06-02,18:10:00,HAMILTON,Mr Irrelevant,6f,1,3.75,4.08,0.5527079
2024-06-02,18:10:00,HAMILTON,Pals Battalion,6f,4,3.75,4.13,0.52427495
2024-06-02,18:10:00,HAMILTON,Cargin Bhui,6f,2,4.0,3.79,0.2091295
2024-06-02,18:10:00,HAMILTON,Miami Heat,6f,5,7.5,8.6,0.090070054
2024-06-02,18:10:00,HAMILTON,Ziggys Queen,6f,3,8.0,9.16,0.113311104
2024-06-02,18:10:00,HAMILTON,Havana Rose,6f,6,21.0,27.96,0.06708627
2024-06-02,18:10:00,HAMILTON,Petra Celera,6f,7,41.0,67.73,0.007753791
2024-06-02,18:40:00,HAMILTON,My Little Queens,1m3f,5,4.33,4.78,0.17034908
2024-06-02,18:40:00,HAMILTON,Wheres Jeff,1m3f,14,21.0,30.03,0.008030707
2024-06-02,18:40:00,HAMILTON,Tafsir,1m3f,3,21.0,30.0,0.027563648
2024-06-02,18:40:00,HAMILTON,Letsbefrank,1m3f,1,23.0,32.0,0.025641955
2024-06-02,18:40:00,HAMILTON,Sutue Alshams,1m3f,13,26.0,33.87,0.0068838065
2024-06-02,18:40:00,HAMILTON,Detective,1m3f,11,34.0,60.0,0.0050155427
2024-06-02,18:40:00,HAMILTON,Giselles Defence,1m3f,9,7.5,9.69,0.06880796
2024-06-02,18:40:00,HAMILTON,Bearwith,1m3f,7,7.5,10.0,0.08786868
2024-06-02,18:40:00,HAMILTON,Destinado,1m3f,8,8.5,11.3,0.08691144
2024-06-02,18:40:00,HAMILTON,Bulldog Spirit,1m3f,10,9.0,10.6,0.22375484
2024-06-02,18:40:00,HAMILTON,Jaminoz,1m3f,6,9.5,12.21,0.08986045
2024-06-02,18:40:00,HAMILTON,Ludos Landing,1m3f,4,11.0,14.26,0.063287474
2024-06-02,18:40:00,HAMILTON,Real Terms,1m3f,2,15.0,19.5,0.01946086
2024-06-02,18:40:00,HAMILTON,Bohemian Breeze,1m3f,12,17.0,23.89,0.024683978
2024-05-29,14:50:00,HAMILTON,Milford,5f,1,2.2,2.2,0.787108
2024-05-29,14:50:00,HAMILTON,East Tyrone,5f,4,4.33,5.1,0.34861362
2024-05-29,14:50:00,HAMILTON,Death Or Glory,5f,2,6.0,7.2,0.4984444
2024-05-29,14:50:00,HAMILTON,Mr Cool,5f,5,8.0,8.89,0.42822412
2024-05-29,14:50:00,HAMILTON,Lucius Aurelius,5f,3,9.0,10.0,0.48610365
2024-05-29,15:20:00,HAMILTON,Bustaam,1m5f,6,4.5,5.27,0.5008433
2024-05-29,15:20:00,HAMILTON,Solid Silver,1m5f,7,4.5,4.9,0.24976276
2024-05-29,15:20:00,HAMILTON,Two Auld Pals,1m5f,1,5.0,5.11,0.22921152
2024-05-29,15:20:00,HAMILTON,Spanish Hustle,1m5f,5,8.0,8.2,0.13647859
2024-05-29,15:20:00,HAMILTON,Navarre Express,1m5f,3,8.0,7.59,0.099081926
2024-05-29,15:20:00,HAMILTON,Jaminoz,1m5f,4,8.5,10.48,0.16655047
2024-05-29,15:20:00,HAMILTON,Ebony Maw,1m5f,2,11.0,12.5,0.057448745
2024-05-29,15:50:00,HAMILTON,Contacto,1m4f,1,1.73,1.77,0.8842672
2024-05-29,15:50:00,HAMILTON,Judgementofsolomon,1m4f,3,3.75,4.46,0.2943886
2024-05-29,15:50:00,HAMILTON,Victory Shout,1m4f,2,6.0,6.14,0.3244562
2024-05-29,15:50:00,HAMILTON,Love Safari,1m4f,4,17.0,22.0,0.057113085
2024-05-29,16:20:00,HAMILTON,Slainte Mhath,6f,3,2.1,2.2,0.30513117
2024-05-29,16:20:00,HAMILTON,Catherine Chroi,6f,1,6.0,7.26,0.17938858
2024-05-29,16:20:00,HAMILTON,Havana Rum,6f,6,6.5,7.8,0.39449984
2024-05-29,16:20:00,HAMILTON,Lahab,6f,5,8.5,10.0,0.08812839
2024-05-29,16:20:00,HAMILTON,Iris Dancer,6f,7,10.0,13.35,0.42092016
2024-05-29,16:20:00,HAMILTON,Emily Post,6f,8,15.0,20.01,0.16341352
2024-05-29,16:20:00,HAMILTON,Cold Stare,6f,2,17.0,20.64,0.0068818056
2024-05-29,16:20:00,HAMILTON,Ramon Di Loria,6f,4,41.0,52.94,0.009149447
2024-05-29,16:50:00,HAMILTON,Arkenstaar,1m½f,1,2.88,2.93,0.5660441
2024-05-29,16:50:00,HAMILTON,Black Friday,1m½f,4,4.33,4.67,0.4576107
2024-05-29,16:50:00,HAMILTON,Shine On Brendan,1m½f,5,5.0,5.9,0.5329584
2024-05-29,16:50:00,HAMILTON,Vellner,1m½f,2,5.0,5.88,0.29103068
2024-05-29,16:50:00,HAMILTON,Lunacy,1m½f,6,13.0,18.0,0.05612583
2024-05-29,16:50:00,HAMILTON,Epona Pas,1m½f,3,26.0,29.89,0.014557036
2024-05-29,16:50:00,HAMILTON,Mrs Happy,1m½f,7,51.0,63.01,0.003936441
2024-05-29,17:20:00,HAMILTON,We Still Believe,1m1f,2,1.83,1.87,0.7081757
2024-05-29,17:20:00,HAMILTON,Ledger,1m1f,1,5.0,5.81,0.32464188
2024-05-29,17:20:00,HAMILTON,Dogged,1m1f,3,7.0,8.28,0.10550912
2024-05-29,17:20:00,HAMILTON,Sea Girt,1m1f,4,7.0,8.03,0.2236569
2024-05-29,17:20:00,HAMILTON,Lady Lavina,1m1f,5,17.0,20.94,0.013689504
2024-05-17,17:30:00,HAMILTON,Sixcor,5f,3,4.33,4.47,0.576456
2024-05-17,17:30:00,HAMILTON,Doon The Glen,5f,2,4.5,5.79,0.6638369
2024-05-17,17:30:00,HAMILTON,Kyber Crystal,5f,6,6.5,6.8,0.21753134
2024-05-17,17:30:00,HAMILTON,Astapor,5f,1,7.5,7.63,0.10938648
2024-05-17,17:30:00,HAMILTON,Captain Corcoran,5f,5,8.5,10.5,0.37606433
2024-05-17,17:30:00,HAMILTON,Lancashire Life,5f,8,9.5,10.5,0.26273432
2024-05-17,17:30:00,HAMILTON,Mews House,5f,7,10.0,13.0,0.07226985
2024-05-17,17:30:00,HAMILTON,Protest Rally,5f,4,11.0,15.93,0.41211212
2024-05-17,18:05:00,HAMILTON,Up The Clarets,5f,1,3.25,3.37,0.66558635
2024-05-17,18:05:00,HAMILTON,Gobsmacked,5f,3,3.25,3.62,0.7274998
2024-05-17,18:05:00,HAMILTON,Kiss Me My Love,5f,2,4.33,4.5,0.6090694
2024-05-17,18:05:00,HAMILTON,Iwo Jima,5f,4,6.0,6.2,0.28955117
2024-05-17,18:05:00,HAMILTON,Joshuas Dream,5f,5,15.0,19.21,0.46122444
2024-05-17,18:40:00,HAMILTON,Quintus Arrius,6f,3,3.5,3.58,0.62988436
2024-05-17,18:40:00,HAMILTON,Rock Opera,6f,4,3.75,4.1,0.31807333
2024-05-17,18:40:00,HAMILTON,Sacred Falls,6f,2,3.75,4.24,0.537935
2024-05-17,18:40:00,HAMILTON,Iris Dancer,6f,1,4.5,5.33,0.3444649
2024-05-17,18:40:00,HAMILTON,Punchbowl Flyer,6f,5,15.0,17.5,0.25285587
2024-05-17,19:15:00,HAMILTON,Capital Theory,1m4f,2,2.5,2.61,0.70456797
2024-05-17,19:15:00,HAMILTON,Get Shirty,1m4f,3,5.0,5.04,0.1663585
2024-05-17,19:15:00,HAMILTON,Faylaq,1m4f,5,5.0,5.4,0.19222602
2024-05-17,19:15:00,HAMILTON,Geremia,1m4f,1,5.5,6.8,0.37237394
2024-05-17,19:15:00,HAMILTON,Navarre Express,1m4f,6,15.0,18.21,0.08131622
2024-05-17,19:15:00,HAMILTON,Maasai Mara,1m4f,4,19.0,23.0,0.1223395
2024-05-17,19:50:00,HAMILTON,We Still Believe,1m½f,2,4.33,4.4,0.24318059
2024-05-17,19:50:00,HAMILTON,Kristal Klear,1m½f,3,4.33,4.61,0.48434418
2024-05-17,19:50:00,HAMILTON,Starshot,1m½f,7,34.0,60.0,0.01404928
2024-05-17,19:50:00,HAMILTON,Shahnaz,1m½f,5,6.0,6.61,0.018129438
2024-05-17,19:50:00,HAMILTON,Clotherholme,1m½f,4,8.0,9.27,0.30964512
2024-05-17,19:50:00,HAMILTON,Scarriff,1m½f,6,12.0,13.49,0.14625475
2024-05-17,19:50:00,HAMILTON,Zumaaty,1m½f,10,12.0,15.0,0.051857937
2024-05-17,19:50:00,HAMILTON,Majestic Newlaw,1m½f,9,13.0,18.32,0.07702235
2024-05-17,19:50:00,HAMILTON,Retirement Beckons,1m½f,8,15.0,24.42,0.017584
2024-05-17,19:50:00,HAMILTON,Ledger,1m½f,1,15.0,18.6,0.04514964
2024-05-17,20:25:00,HAMILTON,Persian Phoenix,1m1f,2,2.88,3.11,0.71959686
2024-05-17,20:25:00,HAMILTON,Lia Rose,1m1f,4,3.25,3.52,0.46167123
2024-05-17,20:25:00,HAMILTON,Redondo,1m1f,1,6.0,7.5,0.2408028
2024-05-17,20:25:00,HAMILTON,Mon Etoile,1m1f,3,7.5,9.32,0.14698155
2024-05-17,20:25:00,HAMILTON,Lunar Rocks,1m1f,7,11.0,13.5,0.07319769
2024-05-17,20:25:00,HAMILTON,Carvalhal,1m1f,6,13.0,17.0,0.057037637
2024-05-17,20:25:00,HAMILTON,Millbuie,1m1f,5,51.0,74.01,0.006621512
2024-05-17,20:25:00,HAMILTON,Nanas Ancestors,1m1f,8,101.0,182.68,0.0017195719
2024-05-17,21:00:00,HAMILTON,Ski Angel,6f,8,3.5,3.7,0.5105735
2024-05-17,21:00:00,HAMILTON,Mrs Happy,6f,10,51.0,81.6,0.13508369
2024-05-17,21:00:00,HAMILTON,Onthebunny,6f,11,81.0,204.52,0.015657673
2024-05-17,21:00:00,HAMILTON,Global Humor,6f,4,4.5,5.81,0.3253427
2024-05-17,21:00:00,HAMILTON,Glorious Rio,6f,9,7.0,9.0,0.08809908
2024-05-17,21:00:00,HAMILTON,Bernie The Bear,6f,3,8.5,10.0,0.24427754
2024-05-17,21:00:00,HAMILTON,Kitbag,6f,7,9.0,9.83,0.21481904
2024-05-17,21:00:00,HAMILTON,Mr Trevor,6f,2,10.0,12.0,0.14279188
2024-05-17,21:00:00,HAMILTON,Hard Solution,6f,5,13.0,18.0,0.033173364
2024-05-17,21:00:00,HAMILTON,See My Baby Jive,6f,6,15.0,18.6,0.09464025
2024-05-17,21:00:00,HAMILTON,Monsieur Patat,6f,1,19.0,27.0,0.05512546
2024-05-05,14:05:00,HAMILTON,Simple Star,1m5f,5,3.25,3.48,0.47411764
2024-05-05,14:05:00,HAMILTON,Capital Theory,1m5f,1,3.75,3.79,0.50873697
2024-05-05,14:05:00,HAMILTON,Two Brothers,1m5f,3,4.5,5.45,0.1592568
2024-05-05,14:05:00,HAMILTON,Ravenscraig Castle,1m5f,4,5.5,6.8,0.080388166
2024-05-05,14:05:00,HAMILTON,Euchen Glen,1m5f,2,11.0,11.49,0.04639742
2024-05-05,14:05:00,HAMILTON,Manu Et Corde,1m5f,6,29.0,43.69,0.012388106
2024-05-05,14:35:00,HAMILTON,Gaenari,5f,2,2.25,2.44,0.84859437
2024-05-05,14:35:00,HAMILTON,Capo Vaticano,5f,3,3.25,3.67,0.35637087
2024-05-05,14:35:00,HAMILTON,Airman,5f,1,5.0,5.98,0.17270377
2024-05-05,14:35:00,HAMILTON,Fahrenheit Seven,5f,4,15.0,18.38,0.027150732
2024-05-05,14:35:00,HAMILTON,Bandello,5f,5,21.0,27.7,0.01996786
2024-05-05,14:35:00,HAMILTON,Hill Run,5f,7,26.0,41.84,0.02116716
2024-05-05,14:35:00,HAMILTON,Port And Starburd,5f,6,34.0,48.0,0.057624444
2024-05-05,15:10:00,HAMILTON,Cavalier Approach,5f,4,2.63,2.6,0.6141639
2024-05-05,15:10:00,HAMILTON,Son Of Sampers,5f,3,4.0,4.54,0.4346239
2024-05-05,15:10:00,HAMILTON,Honour Your Dreams,5f,2,4.33,4.6,0.2964063
2024-05-05,15:10:00,HAMILTON,Giselles Izzy,5f,1,6.5,8.25,0.10648528
2024-05-05,15:10:00,HAMILTON,Henery Hawk,5f,5,19.0,27.41,0.14627409
2024-05-05,15:10:00,HAMILTON,Grandad Bob,5f,6,29.0,38.17,0.023203202
2024-05-05,15:50:00,HAMILTON,My Little Queens,1m3f,1,2.5,2.56,0.67215884
2024-05-05,15:50:00,HAMILTON,Wheres Jeff,1m3f,4,6.0,7.61,0.22839752
2024-05-05,15:50:00,HAMILTON,Flight Of Angels,1m3f,7,6.5,8.2,0.26791152
2024-05-05,15:50:00,HAMILTON,Spanish Hustle,1m3f,5,7.5,8.98,0.2261925
2024-05-05,15:50:00,HAMILTON,Bulldog Spirit,1m3f,2,10.0,12.5,0.1748992
2024-05-05,15:50:00,HAMILTON,Jaminoz,1m3f,3,11.0,14.39,0.09243355
2024-05-05,15:50:00,HAMILTON,Lunacy,1m3f,8,12.0,12.86,0.11274094
2024-05-05,15:50:00,HAMILTON,The Navigator,1m3f,6,51.0,93.13,0.009251391
2024-05-05,16:23:00,HAMILTON,Arkenstaar,1m½f,1,3.0,3.05,0.5491605
2024-05-05,16:23:00,HAMILTON,Natzor,1m½f,2,4.2,4.3,0.41023272
2024-05-05,16:23:00,HAMILTON,Shine On Brendan,1m½f,6,5.5,7.1,0.52217513
2024-05-05,16:23:00,HAMILTON,B Associates,1m½f,5,6.5,8.12,0.26543102
2024-05-05,16:23:00,HAMILTON,Black Friday,1m½f,3,9.5,12.08,0.08606086
2024-05-05,16:23:00,HAMILTON,Jackhammer,1m½f,4,15.0,17.5,0.089190744
2024-05-05,16:23:00,HAMILTON,Trais Fluors,1m½f,7,17.0,32.88,0.03535146
2024-05-05,16:58:00,HAMILTON,Good Morning Alex,1m½f,1,2.38,2.5,0.8696749
2024-05-05,16:58:00,HAMILTON,Ready Or Nott,1m½f,4,4.5,5.16,0.4292103
2024-05-05,16:58:00,HAMILTON,Wonderful Lives,1m½f,5,4.5,5.4,0.59894663
2024-05-05,16:58:00,HAMILTON,Starlight Stanley,1m½f,7,7.5,9.09,0.22850347
2024-05-05,16:58:00,HAMILTON,Emu War,1m½f,2,12.0,13.87,0.09785418
2024-05-05,16:58:00,HAMILTON,Naturalia,1m½f,3,26.0,33.48,0.024992023
2024-05-05,16:58:00,HAMILTON,Millbuie,1m½f,6,51.0,67.75,0.010351129
2024-05-05,16:58:00,HAMILTON,Nanas Ancestors,1m½f,8,81.0,145.72,0.007337424
2024-05-05,17:30:00,HAMILTON,Catherine Chroi,6f,1,2.25,2.34,0.7923753
2024-05-05,17:30:00,HAMILTON,Burj Malinka,6f,3,4.0,4.38,0.12832719
2024-05-05,17:30:00,HAMILTON,Stormy Pearl,6f,2,4.5,5.05,0.36902472
2024-05-05,17:30:00,HAMILTON,Ignac Lamar,6f,4,10.0,13.88,0.25793415
2024-05-05,17:30:00,HAMILTON,Warminster,6f,5,10.0,14.56,0.035233043
2024-05-05,17:30:00,HAMILTON,Mrs Happy,6f,6,41.0,75.0,0.0019811513
2024-05-05,17:30:00,HAMILTON,Heartlander,6f,7,81.0,173.28,0.011092652
